symbol_byers2013	symbol_current
ZEB1	ZEB1
LIX1L	LIX1L
VIM	VIM
AXL	AXL
MMP2	MMP2
ANTXR2	ANTXR2
C3orf21	XXYLT1
FN1	FN1
NRP1	NRP1
TGFBI	TGFBI
GALNT5	GALNT5
PPARG	PPARG
HNMT	HNMT
CARD6	CARD6
RBPMS	RBPMS
TNFRSF21	TNFRSF21
TMEM45B	TMEM45B
MPP7	MPP7
SSH3	SSH3
MTAC2D1	TC2N
MUC1	MUC1
EPPK1	EPPK1
SHROOM3	SHROOM3
EPN3	EPN3
PRSS22	PRSS22
AP1M2	AP1M2
SH3YL1	SH3YL1
KLC3	KLC3
SERINC2	SERINC2
EVPL	EVPL
FXYD3	FXYD3
CLDN4	CLDN4
CRB3	CRB3
LRRC54	TSKU
MAPK13	MAPK13
GALNT3	GALNT3
STAP2	STAP2
DSP	DSP
ELMO3	ELMO3
KRTCAP3	KRTCAP3
MAL2	MAL2
Fl 1R	F11R
GPR110	ADGRF1
GPR56	ADGRG1
KRT19	KRT19
GRHL1	GRHL1
BSPRY	BSPRY
Clorf116	C1orf116
S100A14	S100A14
SPINT2	SPINT2
ANKRD22	ANKRD22
ST14	ST14
GRHL2	GRHL2
PRR5	PRR5
TJP3	TJP3
TACSTD2	TACSTD2
CDH3	CDH3
Cl orf172	C1orf172
CDS1	CDS1
MPZL2	MPZL2
INADL	PATJ
RBM35A	ESRP1
TMC4	TMC4
ITGB6	ITGB6
TMEM125	TMEM125
EPHA1	EPHA1
ENPP5	ENPP5
EPB41L5	EPB41L5
ERBB3	ERBB3
RAB25	RAB25
PRSS8	PRSS8
TMEM3OB	TMEM30B
CLDN7	CLDN7
TACSTDI	EPCAM
SCNN1A	SCNN1A
CDH1	CDH1
