working_id	published_id
S22	S1
S37	S2
S37b	S2b
S37c	S2c
S37d	S2d
S36	S3
S36b	S3b
S36f	S3c
S36g	S3d
S36c	S3e
S36d	S3f
S36e	S3g
S28	S4
S29	S5
S7	S6
S7b	S6b
S7c	S6c
S7d	S6d
S7e	S6e
S2	S7
S2b	S7b
S2c	S7c
S2d	S7d
S2e	S7e
S2f	S7f
S1	S8
S1b	S8b
S1c	S8c
S1d	S8d
S3	S9
S23	S10
S23b	S10b
S47	S11
S47b	S11b
S5b	S12
S5	S12b
S5c	S12c
S39b	S13
S39	S13b
S43	S14
S43b	S14b
S15b	S15
S15e	S15b
S15	S15c
S15c	S15d
S15d	S15e
S20	S16
S30	S17
S31	S18
S38	S19
S38b	S19b
S38c	S19c
S40	S20
S41	S21
S49	S22
S42	S23
S34	S24
S44	S25
S44b	S25b
S44c	S25c
S44d	S25d
S44e	S25e
S44f	S25f
S45	S26
S45b	S26b
S24	S27
S24b	S27b
S24c	S27c
S25	S28
S26	S29
S27	S30
S4	S31
S4b	S31b
S4c	S31c
S16	S32
S16b	S32b
S17	S33
S17b	S33b
S18	S34
S48	S35
S48b	S35b
S14b	S36
S14	S36b
S14c	S36c
S14d	S36d
S10	S37
S11	S38
S11b	S38b
S12	S39
S12b	S39b
S13	S40
S8	S41
S35	S42
S6	S43
S6b	S43b
S6c	S43c
S46	S44
S46b	S44b
S19	S45
S19b	S45b
S19c	S45c
S19d	S45d
S19e	S45e
S9	S46
S32	S47
S33	S48
S21	S49
