case_id	gdc_case_uuid	OS_days	OS_months	OS_event	vital_status	days_to_death	days_to_last_follow_up	max_days_to_follow_up	age_at_index	LO_age	LO_gender	LO_country	age_at_diagnosis_days	sex	race	ethnicity	cause_of_death	primary_site	tissue_or_organ_of_origin	site_of_resection_or_biopsy	primary_diagnosis	morphology	ajcc_pathologic_stage	ajcc_pathologic_t	ajcc_pathologic_n	ajcc_pathologic_m	ajcc_clinical_stage	tumor_grade	prior_malignancy	prior_treatment	progression_or_recurrence	days_to_recurrence	pack_years_smoked	tobacco_smoking_status	alcohol_history	LO_tumor_site_curated	LO_tumor_site_original	LO_HPV_inference	LO_P16	LO_smoking_history	LO_num_pack_years_sm	LO_alcohol_consum	LO_tumor_stage	LO_histologic_grade	LO_histologic_type	LO_integrated_subtype	LO_transcriptomic_subtype	LO_overall_survival	LO_overall_free_status	LO_progression_free_survival	LO_progression_free_status	LO_ESTIMATE_immune_score	LO_ESTIMATE_stromal_score	has_tumor_rna	in_linkedomics
C3L-00977	b18f1b80-72f1-465c-816b-65e06d2b1fa6	1537.0	50.497	1.0	Dead	1537.0	1537.0	1537.0		56.0	Male	Russia	20653	male	white	not reported	Cancer Related	Other and ill-defined sites in lip, oral cavity and pharynx	Overlapping lesion of lip, oral cavity and pharynx	Overlapping lesion of lip, oral cavity and pharynx	Squamous cell carcinoma, NOS	8070/3	Stage III	T1	N1	M0		G1			no			Current Reformed Smoker, Duration Not Specified	No	Oral cavity	Floor of mouth	NO	Not Evaluated	Current reformed smoker, years unknown		Lifelong non-drinker	Stage III	G1 Well differentiated	Squamous cell carcinoma, conventional	Basal	Mesenchymal	772.0	0.0	772.0	0.0	7989.115925	6825.995755	1	1
C3L-00987	b80b7a5b-fe1c-439d-b3cb-981dd2cc295b	429.0	14.094	0.0	Alive		429.0	429.0		61.0	Male	Ukraine	22430	male	white	not reported		Other and unspecified parts of tongue	Tongue, NOS	Tongue, NOS	Squamous cell carcinoma, NOS	8070/3	Stage III	T2	N1	MX		G2			not reported		43.0	Current Smoker	Yes	Oral cavity	Tongue	NO	Not Evaluated	Current smoker: Includes daily and non-daily smokers	43.0	Consumed alcohol in the past, but currently a non-drinker	Stage III	G2 Moderately differentiated	Squamous cell carcinoma, conventional	CIN	Classical	429.0	0.0	429.0	0.0	4772.409716	5999.793467	1	1
C3L-00994	5119c0a8-d0ef-4ec2-b58c-0ff9e0c8f1db	202.0	6.637	1.0	Dead	202.0	133.0	133.0		50.0	Male	Ukraine	18263	male	white	not reported	Cancer Related	Other and unspecified parts of tongue	Tongue, NOS	Tongue, NOS	Squamous cell carcinoma, NOS	8070/3	Stage II	T2	N0	MX		G2			yes	133.0	10.2	Current Reformed Smoker for < or = 15 yrs	Yes	Oral cavity	Tongue	NO	Not Evaluated	Current reformed smoker within past 15 years	10.2	Alcohol consumption more than 2 drinks per day for men and more than 1 drink per day for women	Stage II	G2 Moderately differentiated	Squamous cell carcinoma, conventional	Immune	Mesenchymal	202.0	1.0	133.0	1.0	8176.233903	8924.036564	1	1
C3L-00995	a890f443-ee68-4d5f-8f0e-eb0f62674bad	-9.0	-0.296	1.0	Dead	-9.0	-10.0	-10.0		56.0	Male	Ukraine	20780	male	white	not reported	Not Cancer Related	Other and unspecified parts of mouth	Cheek mucosa	Cheek mucosa	Squamous cell carcinoma, NOS	8070/3	Stage III	T2	N1	MX		G1			no		31.0	Current Reformed Smoker for < or = 15 yrs	Yes	Oral cavity	Buccal mucosa	NO	Not Evaluated	Current reformed smoker, more than 15 years	31.0	Alcohol consumption more than 2 drinks per day for men and more than 1 drink per day for women	Stage III	G1 Well differentiated	Squamous cell carcinoma, conventional	Immune	Mesenchymal			-9.0		8342.246345	8723.429667	1	1
C3L-00997	379247eb-77c0-49dc-822b-f5da544d5ad7	442.0	14.522	0.0	Alive		442.0	442.0		47.0	Male	Ukraine	17253	male	white	not reported		Oropharynx	Oropharynx, NOS	Oropharynx, NOS	Squamous cell carcinoma, NOS	8070/3	Stage III	T2	N1	MX		G2			not reported		15.0	Current Reformed Smoker for > 15 yrs	No	Oropharynx	Oropharynx	NO	Not Evaluated	Current reformed smoker, more than 15 years	15.0	Lifelong non-drinker	Stage II	G2 Moderately differentiated	Squamous cell carcinoma, conventional	CIN	Classical	442.0	0.0	442.0	0.0	7445.251991	7025.911695	1	1
C3L-00999	cf18a780-b1e9-4c67-ba29-0f561cf3d971	1137.0	37.355	0.0	Alive		1137.0	1137.0		56.0	Male	Russia	20513	male	white	not reported		Floor of mouth	Floor of mouth, NOS	Floor of mouth, NOS	Squamous cell carcinoma, NOS	8070/3	Stage II	T2	N0	M0		G1			no		36.0	Current Smoker	No	Oral cavity	Floor of mouth	NO	Not Evaluated	Current smoker: Includes daily and non-daily smokers	36.0	Lifelong non-drinker	Stage II	G1 Well differentiated	Squamous cell carcinoma, conventional	Immune	Atypical	818.0	0.0	446.0	1.0	8210.549555	8510.704551	1	1
C3L-01138	93160009-fa46-4577-af65-4836fda64144	367.0	12.057	0.0	Alive		367.0	367.0		62.0	Male	Ukraine	22715	male	white	not reported		Larynx	Larynx, NOS	Larynx, NOS	Squamous cell carcinoma, NOS	8070/3	Stage IVA	T4a	N1	MX		G1			no		54.0	Current Smoker	Yes	Larynx	Larynx	NO	Not Evaluated	Current smoker: Includes daily and non-daily smokers	54.0	Alcohol consumption equal to or less than 2 drinks per day for men and 1 drink or less per day for women	Stage IV	G1 Well differentiated	Squamous cell carcinoma, conventional	Basal	Classical	367.0	0.0	367.0	0.0	6407.893478	6283.423855	1	1
C3L-01237	e8f4be0c-5d75-4c8f-a67b-6d7302c9c372	20.0	0.657	0.0	Alive		20.0	20.0		57.0	Male	Ukraine	20956	male	white	not reported		Floor of mouth	Floor of mouth, NOS	Floor of mouth, NOS	Squamous cell carcinoma, NOS	8070/3	Stage IVA	T2	N2	MX		G2			not reported		6.0	Current Reformed Smoker for > 15 yrs	Yes	Oral cavity	Floor of mouth	NO	Not Evaluated	Current reformed smoker, more than 15 years	6.0	Alcohol consumption equal to or less than 2 drinks per day for men and 1 drink or less per day for women	Stage IV	G2 Moderately differentiated	Squamous cell carcinoma, conventional	CIN	Classical	20.0	0.0	20.0	0.0	5720.287055	7175.667725	1	1
C3L-02617	cc67e6be-8b13-4ccd-ab7b-3d8deb71b4dd	1394.0	45.799	0.0	Alive		1394.0	1394.0		64.0	Male	Bulgaria	23710	male	white	not reported		Larynx	Larynx, NOS	Larynx, NOS	Squamous cell carcinoma, NOS	8070/3	Stage II	T2	NX	MX		G3			no		66.0	Current Smoker	Yes	Larynx	Larynx	NO	Not Evaluated	Current smoker: Includes daily and non-daily smokers	66.0	Alcohol consumption more than 2 drinks per day for men and more than 1 drink per day for women	Stage II	G3 Poorly differentiated	Squamous cell carcinoma, conventional	CIN	Classical	427.0	0.0	427.0	0.0	6958.57339	6346.815584	1	1
C3L-02621	37cbde5d-932b-491b-a579-ad8df3905dad	314.0	10.316	0.0	Alive		314.0	314.0		68.0	Male	Bulgaria	25156	male	white	not reported		Larynx	Larynx, NOS	Larynx, NOS	Squamous cell carcinoma, NOS	8070/3	Stage I	T1	NX	MX		G3			no		45.0	Current Smoker	Yes	Larynx	Larynx	NO	Unknown	Current smoker: Includes daily and non-daily smokers	45.0	Alcohol consumption more than 2 drinks per day for men and more than 1 drink per day for women	Stage I	G3 Poorly differentiated	Squamous cell carcinoma, conventional	CIN	Atypical	314.0	0.0	314.0	0.0	8039.787184	6806.384264	1	1
C3L-02651	3ef779a0-457a-4045-b04c-191b734b81a4	291.0	9.561	0.0	Alive		291.0	291.0		81.0	Male	Bulgaria	29752	male	white	not reported		Larynx	Larynx, NOS	Larynx, NOS	Squamous cell carcinoma, NOS	8070/3	Stage II	T2	NX	MX		G2			not reported		78.0	Current Smoker	Yes	Larynx	Larynx	NO	Not Evaluated	Current smoker: Includes daily and non-daily smokers	78.0	Alcohol consumption equal to or less than 2 drinks per day for men and 1 drink or less per day for women	Stage II	G2 Moderately differentiated	Keratinizing Squamous Cell Carcinoma		Mesenchymal	291.0	0.0	291.0	0.0	8476.382275	7397.640049	1	1
C3L-03378	020db2d3-bb73-46c7-89ea-4648e0d3f2cb	1175.0	38.604	0.0	Alive		1175.0	1175.0		54.0	Male	Russia	20019	male	white	not reported		Other and ill-defined sites in lip, oral cavity and pharynx	Overlapping lesion of lip, oral cavity and pharynx	Overlapping lesion of lip, oral cavity and pharynx	Squamous cell carcinoma, NOS	8070/3	Stage IVA	T4a	N2c	MX		G2			no		34.0	Current Smoker	Yes	Oral cavity	Oral cavity	NO	Not Evaluated	Current smoker: Includes daily and non-daily smokers	34.0	Alcohol consumption equal to or less than 2 drinks per day for men and 1 drink or less per day for women	Stage IV	G2 Moderately differentiated	Squamous cell carcinoma, conventional	CIN	Classical	370.0	0.0	370.0	0.0	6924.419568	6878.201534	1	1
C3L-04025	40162a61-4d8f-4d94-adc1-8ece27b37eeb	470.0	15.441	0.0	Alive		470.0	470.0		69.0	Male	Bulgaria	25290	male	white	not reported		Other and unspecified parts of mouth	Cheek mucosa	Cheek mucosa	Squamous cell carcinoma, NOS	8070/3	Stage I	T1b	NX	MX		G2			no			Lifelong Non-Smoker	Yes	Oral cavity	Buccal mucosa	NO		Lifelong non-smoker: Less than 100 cigarettes smoked in lifetime			Stage I	G2 Moderately differentiated		Immune	Mesenchymal	470.0	0.0	470.0	0.0	7805.771365	7562.669184	1	1
C3L-04354	db9021f9-df04-48c4-b56c-499f49c5212f	1393.0	45.766	0.0	Alive		1393.0	1393.0		60.0	Male	Bulgaria	22041	male	white	not reported		Larynx	Larynx, NOS	Larynx, NOS	Squamous cell carcinoma, NOS	8070/3	Stage II	T2	NX	MX		G3			no		9.0	Current Smoker	Yes	Larynx	Larynx	NO	Not Evaluated	Current smoker: Includes daily and non-daily smokers	9.0	Alcohol consumption equal to or less than 2 drinks per day for men and 1 drink or less per day for women	Stage II	G3 Poorly differentiated	Non-Keratinized Squamous Cell Carcinoma	CIN	Atypical	408.0	0.0	408.0	0.0	8055.848268	7228.703512	1	1
C3L-04791	715c5c66-2948-4eaa-9071-cd2150a7f6f8	273.0	8.969	0.0	Alive		273.0	273.0		81.0	Male	Bulgaria	29749	male	white	not reported		Larynx	Larynx, NOS	Larynx, NOS	Squamous cell carcinoma, NOS	8070/3	Stage I	T1	NX	MX		G2			not reported			Lifelong Non-Smoker	No	Larynx	Larynx	NO	Not Evaluated	Lifelong non-smoker: Less than 100 cigarettes smoked in lifetime		Lifelong non-drinker	Stage I	G2 Moderately differentiated	Keratinizing Squamous Cell Carcinoma	Immune	Mesenchymal	273.0	0.0	273.0	0.0	7804.981646	6837.579096	1	1
C3L-04844	5a2a4f11-e9bb-4291-9089-24b5e77d285b	1857.0	61.01	0.0	Alive		1857.0	1857.0		61.0	Female	TSS did not collect	22268	female	not reported	not reported		Tonsil	Tonsil, NOS	Tonsil, NOS	Squamous cell carcinoma, NOS	8070/3	Stage IVB	T4a	N3	M0		G2			no		50.0	Current Smoker	Yes	Oropharynx	Tonsil	NO		Current smoker: Includes daily and non-daily smokers			Stage IV	G2 Moderately differentiated		Basal	Classical	290.0	0.0	290.0	0.0	5923.495615	5714.862795	1	1
C3L-04849	5023cef4-3bba-44ef-ae7e-8ac30bd19412	356.0	11.696	0.0	Alive		356.0	356.0		63.0	Male	TSS did not collect	23099	male	not reported	not reported		Floor of mouth	Floor of mouth, NOS	Floor of mouth, NOS	Squamous cell carcinoma, NOS	8070/3	Stage IVB	T4a	N3	M0		G2			no		31.5	Current Smoker	Yes	Oral cavity	Floor of mouth	NO		Current smoker: Includes daily and non-daily smokers			Stage IV	G2 Moderately differentiated		Basal	Basal	356.0	0.0	356.0	0.0	5841.490604	5757.546725	1	1
C3N-00204	0215c1e2-70aa-495b-a1f1-25bd989a9f12	175.0	5.749	1.0	Dead	175.0	145.0	145.0		63.0	Female	Bulgaria	23017	female	Unknown	not reported	Cancer Related	Larynx	Larynx, NOS	Larynx, NOS	Squamous cell carcinoma, NOS	8070/3	Stage III	T3	N1	MX		G3			no			Lifelong Non-Smoker	No	Larynx	Larynx	NO	Not Evaluated	Lifelong non-smoker: Less than 100 cigarettes smoked in lifetime		Lifelong non-drinker	Stage III	G3 Poorly differentiated	Adenosquamous carcinoma	CIN	Atypical	175.0	1.0	175.0	1.0	5229.928241	4141.503954	1	1
C3N-00295	7c455009-ab89-4f3a-b804-b13b1318d8e1	1687.0	55.425	1.0	Dead	1687.0	1687.0	1687.0		53.0	Female	Poland	19751	female	white	not reported	Cancer Related	Larynx	Larynx, NOS	Larynx, NOS	Squamous cell carcinoma, NOS	8070/3	Stage III	T3	NX	M0		G2			no			Smoking history not documented	Not Reported	Larynx	Larynx	NO	Negative	Smoking history not available		Alcohol consumption history not available	Stage III	G2 Moderately differentiated	Squamous cell carcinoma, conventional		Atypical	1346.0	0.0	1346.0	0.0	4989.340444	4752.639319	1	1
C3N-00297	fdd6c700-c04d-4857-a522-8f83f67f5f95	1734.0	56.969	0.0	Alive		1734.0	1734.0		69.0	Male	Poland	25254	male	white	not reported		Larynx	Larynx, NOS	Larynx, NOS	Squamous cell carcinoma, NOS	8070/3	Stage II	T2	N0	M0		G2			no			Smoking history not documented	Not Reported	Larynx	Larynx	NO	Negative	Smoking history not available		Alcohol consumption history not available	Stage II	G2 Moderately differentiated	Squamous cell carcinoma, conventional	Basal	Basal	1358.0	0.0	1358.0	0.0	6936.01723	5822.516855	1	1
C3N-00299	0b5c15c0-6481-4906-b586-8ffb394befd1	231.0	7.589	1.0	Dead	231.0	-20.0	-20.0		54.0	Male	Poland	19881	male	white	not reported	Unknown	Lip	Lip, NOS	Lip, NOS	Squamous cell carcinoma, NOS	8070/3	Stage II	T2	N0	M0		G2			not reported			Smoking history not documented	Not Reported	Lip	Lip	NO	Negative	Smoking history not available		Alcohol consumption history not available	Stage II	G2 Moderately differentiated	Squamous cell carcinoma, conventional	Basal	Basal	294.0	1.0	294.0	1.0	8009.515355	5342.360428	1	1
C3N-00306	9339d250-6cb2-4282-b198-65ce7ae3a091	645.0	21.191	1.0	Dead	645.0	645.0	645.0		50.0	Male	Poland	18561	male	white	not reported	Unknown	Larynx	Larynx, NOS	Larynx, NOS	Squamous cell carcinoma, NOS	8070/3	Stage III	T3	N0	M0		G2			no			Smoking history not documented	Not Reported	Larynx	Larynx	NO	Negative	Smoking history not available		Alcohol consumption history not available	Stage III	G2 Moderately differentiated	Squamous cell carcinoma, conventional	Immune	Atypical	973.0	0.0	973.0	0.0	7685.055639	6485.079143	1	1
C3N-00307	84241945-5bfc-4b3a-ba89-ed0e1d184b97	270.0	8.871	1.0	Dead	270.0	270.0	270.0		70.0	Male	Poland	25727	male	white	not reported	Unknown	Larynx	Larynx, NOS	Larynx, NOS	Squamous cell carcinoma, NOS	8070/3	Stage IVA	T4a	NX	M0		G3			not reported			Smoking history not documented	Not Reported	Larynx	Larynx	NO	Negative	Smoking history not available		Alcohol consumption history not available	Stage IV	G3 Poorly differentiated	Squamous cell carcinoma, conventional	CIN	Mesenchymal	199.0	1.0	199.0	1.0	7008.902307	7021.274977	1	1
C3N-00498	ad5ce87b-dd1f-418e-9540-c79505417ece	1704.0	55.984	0.0	Alive		1704.0	1704.0		63.0	Male	Poland	23112	male	white	not reported		Other and ill-defined sites in lip, oral cavity and pharynx	Overlapping lesion of lip, oral cavity and pharynx	Overlapping lesion of lip, oral cavity and pharynx	Squamous cell carcinoma, NOS	8070/3	Stage III	T2	N1	M0		G2			no			Smoking history not documented	Not Reported	Oral cavity	Oral cavity	NO	Positive (>70% nuclear and cytoplasmic staining)	Smoking history not available		Alcohol consumption history not available	Stage III	G2 Moderately differentiated	Squamous cell carcinoma, conventional	CIN	Classical	1180.0	0.0	1180.0	0.0	4377.867323	5288.872044	1	1
C3N-00519	eae77c25-2317-4ec4-8f21-3975ac9ab827	258.0	8.476	1.0	Dead	258.0	258.0	638.0		67.0	Male	Poland	24556	male	white	not reported	Unknown	Larynx	Larynx, NOS	Larynx, NOS	Squamous cell carcinoma, NOS	8070/3	Stage II	T2	N0	M0		G2			no		40.0	Current Reformed Smoker for < or = 15 yrs	Yes	Larynx	Larynx	NO	Negative	Current reformed smoker, more than 15 years	40.0	Consumed alcohol in the past, but currently a non-drinker	Stage II	G2 Moderately differentiated	Squamous cell carcinoma, conventional	Immune	Atypical	638.0	0.0	638.0	0.0	8246.069477	7349.981429	1	1
C3N-00822	9ed4e3ba-0dcd-4436-bf21-14d68087fac4	978.0	32.131	1.0	Dead	978.0	978.0	1084.0		53.0	Female	Poland	19536	female	white	not reported	Cardiovascular Disorder, NOS	Larynx	Larynx, NOS	Larynx, NOS	Squamous cell carcinoma, NOS	8070/3	Stage III	T3	N0	M0		G2			no			Smoking history not documented	Not Reported	Larynx	Larynx	NO	Negative	Smoking history not available		Alcohol consumption history not available	Stage III	G2 Moderately differentiated	Squamous cell carcinoma, conventional	CIN	Classical	978.0	1.0	978.0	1.0	4864.02235	4080.16184	1	1
C3N-00825	715f4c03-f9ba-4cd7-867c-a4e69a1d2f7c	1730.0	56.838	0.0	Alive		1730.0	1730.0		53.0	Male	Poland	19686	male	white	not reported		Other and unspecified parts of tongue	Tongue, NOS	Tongue, NOS	Squamous cell carcinoma, NOS	8070/3	Stage II	T2	N0	M0		G2			no		25.3	Current Smoker	Not Reported	Oral cavity	Tongue	NO	Negative	Current smoker: Includes daily and non-daily smokers	25.3	Alcohol consumption history not available	Stage II	G2 Moderately differentiated	Squamous cell carcinoma, conventional	Immune	Mesenchymal	330.0	0.0	330.0	0.0	8615.897442	8446.53344	1	1
C3N-00828	cda16e6f-4444-4a01-b85f-d1f298cc4678	948.0	31.146	1.0	Dead	948.0	948.0	951.0		67.0	Male	Poland	24489	male	white	not reported	Cardiovascular Disorder, NOS	Larynx	Larynx, NOS	Larynx, NOS	Squamous cell carcinoma, NOS	8070/3	Stage II	T2	NX	M0		G2			no		50.0	Current Reformed Smoker for < or = 15 yrs	Not Reported	Larynx	Larynx	NO	Negative	Current reformed smoker, more than 15 years	50.0	Alcohol consumption history not available	Stage II	G2 Moderately differentiated	Squamous cell carcinoma, conventional	CIN	Atypical	951.0	1.0	951.0	1.0	6486.859053	5428.79908	1	1
C3N-00829	2169c52a-6977-4313-99c2-8c434d2cc986	958.0	31.474	1.0	Dead	958.0	952.0	952.0		53.0	Male	Poland	19384	male	white	not reported	Cancer Related	Other and unspecified parts of tongue	Tongue, NOS	Tongue, NOS	Squamous cell carcinoma, NOS	8070/3	Stage IVA	T2	N2b	M0		G2			yes			Smoking history not documented	Not Reported	Oral cavity	Tongue	NO	Negative	Smoking history not available		Alcohol consumption history not available	Stage IV	G2 Moderately differentiated	Squamous cell carcinoma, conventional	CIN	Classical	958.0	1.0	448.0	1.0	5786.945507	5642.230086	1	1
C3N-00846	f492a685-0e49-4e5c-8284-56fed0432f43	644.0	21.158	0.0	Alive		644.0	644.0		67.0	Male	Ukraine	24608	male	white	not reported		Other and unspecified parts of tongue	Tongue, NOS	Tongue, NOS	Squamous cell carcinoma, NOS	8070/3	Stage I	T1	NX	MX		G1			yes		15.0	Current Smoker	Yes	Oral cavity	Tongue	NO	Negative	Current smoker: Includes daily and non-daily smokers	15.0	Alcohol consumption equal to or less than 2 drinks per day for men and 1 drink or less per day for women	Stage I	G1 Well differentiated	Squamous cell carcinoma, conventional	Immune	Mesenchymal	644.0	0.0	615.0	1.0	9176.55781	8456.142513	1	1
C3N-00857	e1d68cfb-04e7-43cb-b8c5-b523cf917636	636.0	20.895	1.0	Dead	636.0	636.0	636.0		64.0	Male	Poland	23545	male	white	not reported	Unknown	Larynx	Larynx, NOS	Larynx, NOS	Squamous cell carcinoma, NOS	8070/3	Stage IVA	T4a	N1	M0		G2			no			Smoking history not documented	Not Reported	Larynx	Larynx	NO	Not Evaluated	Smoking history not available		Alcohol consumption history not available	Stage IV	G2 Moderately differentiated	Squamous cell carcinoma, conventional	CIN	Classical	463.0	0.0	463.0	0.0	4785.847019	5797.846142	1	1
C3N-00871	14a063c2-41c6-4fc0-b334-22b4a0c4c1d5	400.0	13.142	1.0	Dead	400.0	344.0	344.0		58.0	Male	Poland	21468	male	white	not reported	Cancer Related	Other and ill-defined sites in lip, oral cavity and pharynx	Overlapping lesion of lip, oral cavity and pharynx	Overlapping lesion of lip, oral cavity and pharynx	Squamous cell carcinoma, NOS	8070/3	Stage IVA	T3	N2b	M0		G2			no			Smoking history not documented	Not Reported	Oral cavity	Oral cavity	NO	Not Evaluated	Smoking history not available		Alcohol consumption history not available	Stage IV	G2 Moderately differentiated	Squamous cell carcinoma, conventional	Basal	Classical	415.0	1.0	415.0	1.0	5085.878714	6278.855658	1	1
C3N-01337	3689f296-6429-4042-b9c0-339b58d1eb0d	616.0	20.238	0.0	Alive		616.0	616.0		52.0	Male	Poland	19312	male	white	not reported		Larynx	Larynx, NOS	Larynx, NOS	Squamous cell carcinoma, NOS	8070/3	Stage IVA	T4	N2b	M0		G1			no		13.2	Current Smoker	Yes	Larynx	Larynx	NO	Negative	Current smoker: Includes daily and non-daily smokers	13.2	Alcohol consumption equal to or less than 2 drinks per day for men and 1 drink or less per day for women	Stage IV	G1 Well differentiated	Squamous cell carcinoma, conventional	Basal	Atypical	616.0	0.0	616.0	0.0	7269.184407	5650.929868	1	1
C3N-01338	ef730c6c-0231-4c58-b633-c327451cda42	585.0	19.22	1.0	Dead	585.0	574.0	574.0		50.0	Male	Poland	18322	male	white	not reported	Unknown	Larynx	Larynx, NOS	Larynx, NOS	Squamous cell carcinoma, NOS	8070/3	Stage III	T2	N1	M0		G2			yes	492.0		Smoking history not documented	Not Reported	Larynx	Larynx	NO	Negative	Smoking history not available		Alcohol consumption history not available	Stage III	G2 Moderately differentiated	Squamous cell carcinoma, conventional	Basal	Classical	574.0	0.0	492.0	1.0	6477.301118	6117.170351	1	1
C3N-01339	3010fb59-a89c-483f-8d67-b2cbbff7fc03	211.0	6.932	1.0	Dead	211.0	203.0	203.0		68.0	Female	Poland	25041	female	white	not reported	Cancer Related	Larynx	Larynx, NOS	Larynx, NOS	Squamous cell carcinoma, NOS	8070/3	Stage IVA	T4	N1	M0		G3			no			Smoking history not documented	Not Reported	Larynx	Larynx	NO	Not Evaluated	Smoking history not available		Alcohol consumption history not available	Stage IV	G3 Poorly differentiated	Squamous cell carcinoma, conventional	CIN	Classical	215.0	1.0	215.0	1.0	3813.652536	2933.655697	1	1
C3N-01340	010ddf79-3e32-42d3-a17c-82c64a19325d	1388.0	45.602	1.0	Dead	1388.0	1264.0	1264.0		72.0	Male	Poland	26376	male	white	not reported	Cancer Related	Larynx	Larynx, NOS	Larynx, NOS	Squamous cell carcinoma, NOS	8070/3	Stage IVA	T4a	N0	M0		G2			no			Current Reformed Smoker for > 15 yrs	Not Reported	Larynx	Larynx	NO	Not Evaluated	Current reformed smoker, more than 15 years		Alcohol consumption history not available	Stage IV	G2 Moderately differentiated	Squamous cell carcinoma, conventional		Atypical	1009.0	0.0	1009.0	0.0	7793.863113	7441.043447	1	1
C3N-01620	d289ebd5-fb50-4b59-8463-163ed1f011a0	1935.0	63.573	0.0	Alive		1935.0	1935.0		56.0	Male	Poland	20774	male	white	not reported		Larynx	Larynx, NOS	Larynx, NOS	Squamous cell carcinoma, NOS	8070/3	Stage III	T3	N0	M0		G2			no			Smoking history not documented	Not Reported	Larynx	Larynx	NO	Negative	Smoking history not available		Alcohol consumption history not available	Stage III	G2 Moderately differentiated	Squamous cell carcinoma, conventional	Basal	Mesenchymal	710.0	0.0	710.0	0.0	7128.615543	7332.918086	1	1
C3N-01643	2e0d5e8b-b18a-49ec-8ac2-9be0c74946d9	1925.0	63.244	0.0	Alive		1925.0	1925.0					24920	male	white	not reported		Larynx	Larynx, NOS	Larynx, NOS	Squamous cell carcinoma, NOS	8070/3	Stage III	T3	N0	M0		G2			no		54.0	Current Reformed Smoker for > 15 yrs	Yes																			1	0
C3N-01645	8bbfa9fc-6d12-4376-8c42-5cd436ee260b	563.0	18.497	1.0	Dead	563.0	563.0	584.0		71.0	Male	Poland	26258	male	white	not reported	Unknown	Larynx	Larynx, NOS	Larynx, NOS	Squamous cell carcinoma, NOS	8070/3	Stage III	T3	N0	M0		G2			yes	374.0		Smoking history not documented	Not Reported	Larynx	Larynx	NO	Negative	Smoking history not available		Alcohol consumption history not available	Stage III	G2 Moderately differentiated	Squamous cell carcinoma, conventional		Mesenchymal	584.0	0.0	374.0	1.0	8716.71833	7001.081675	1	1
C3N-01752	9f7f63e0-fdc2-4e33-937a-ca1d77b3b7a1	998.0	32.789	1.0	Dead	998.0	998.0	998.0		73.0	Male	Poland	26753	male	white	not reported	Cancer Related	Other and unspecified parts of tongue	Tongue, NOS	Tongue, NOS	Squamous cell carcinoma, NOS	8070/3	Stage IVA	T4a	N0	M0		G2			no			Smoking history not documented	Not Reported	Oral cavity	Floor of mouth	NO	Not Evaluated	Smoking history not available		Alcohol consumption history not available	Stage IV	G2 Moderately differentiated	Squamous cell carcinoma, conventional	Basal	Basal	668.0	0.0	668.0	0.0	4353.059497	5441.75976	1	1
C3N-01754	a18e0ff1-792a-472a-a6f0-aa85d4e1cd95	1903.0	62.522	0.0	Alive		1903.0	1903.0		64.0	Male	Poland	23404	male	white	not reported		Other and unspecified parts of tongue	Tongue, NOS	Tongue, NOS	Squamous cell carcinoma, NOS	8070/3	Stage III	T3	N0	MX		G2			no		41.0	Current Reformed Smoker for < or = 15 yrs	Yes	Oral cavity	Tongue	NO	Not Evaluated	Current reformed smoker within past 15 years	41.0	Alcohol consumption equal to or less than 2 drinks per day for men and 1 drink or less per day for women	Stage III	G2 Moderately differentiated	Squamous cell carcinoma, conventional	Basal	Basal	994.0	0.0	994.0	0.0	6021.776653	6759.178398	1	1
C3N-01755	b086bac7-a41d-4121-b268-0751ccadd330	1701.0	55.885	0.0	Alive		1701.0	1701.0		68.0	Male	Poland	24868	male	white	not reported		Larynx	Larynx, NOS	Larynx, NOS	Squamous cell carcinoma, NOS	8070/3	Stage III	T3	N1	M0		G2			no			Current Reformed Smoker, Duration Not Specified	Yes	Larynx	Larynx	NO	Not Evaluated	Current reformed smoker, years unknown		Alcohol consumption equal to or less than 2 drinks per day for men and 1 drink or less per day for women	Stage III	G2 Moderately differentiated	Squamous cell carcinoma, conventional	CIN	Mesenchymal	987.0	0.0	987.0	0.0	6962.033648	6898.079644	1	1
C3N-01756	f59ce549-5cea-4f2f-8662-aa9060247f80	1894.0	62.226	0.0	Alive		1894.0	1894.0		62.0	Male	Poland	22915	male	white	not reported		Larynx	Larynx, NOS	Larynx, NOS	Squamous cell carcinoma, NOS	8070/3	Stage III	T3	N2c	M0		G2			no		22.5	Current Smoker	Yes	Hypopharynx	Larynx	NO	Not Evaluated	Current smoker: Includes daily and non-daily smokers	22.5	Alcohol consumption equal to or less than 2 drinks per day for men and 1 drink or less per day for women	Stage IV	G2 Moderately differentiated	Squamous cell carcinoma, conventional	CIN	Classical	1035.0	0.0	1035.0	0.0	4670.155568	5657.98446	1	1
C3N-01757	e4af20c0-d3bc-4a77-82ef-2759c1096c7c	1927.0	63.31	0.0	Alive		1927.0	1927.0		64.0	Male	Poland	23506	male	white	not reported		Larynx	Larynx, NOS	Larynx, NOS	Squamous cell carcinoma, NOS	8070/3	Stage II	T2	NX	MX		G2			no			Smoking history not documented	Not Reported	Larynx	Larynx	NO	Not Evaluated	Smoking history not available		Alcohol consumption history not available	Stage II	G2 Moderately differentiated	Squamous cell carcinoma, conventional	Basal	Basal	1058.0	0.0	1058.0	0.0	7014.534802	6179.545402	1	1
C3N-01758	b7eed034-4280-40fc-ae0a-d5349ae260bb	712.0	23.392	1.0	Dead	712.0	702.0	702.0		59.0	Male	Poland	21708	male	white	not reported	Cancer Related	Floor of mouth	Floor of mouth, NOS	Floor of mouth, NOS	Squamous cell carcinoma, NOS	8070/3	Stage IVA	T4a	N1	M0		G2			no		30.0	Current Reformed Smoker for < or = 15 yrs	Yes	Oral cavity	Floor of mouth	NO	Not Evaluated	Current reformed smoker within past 15 years	30.0	Alcohol consumption equal to or less than 2 drinks per day for men and 1 drink or less per day for women	Stage IV	G2 Moderately differentiated	Squamous cell carcinoma, conventional	Basal	Mesenchymal	485.0	0.0	485.0	0.0	7692.143579	8044.356402	1	1
C3N-01858	db338f13-c96f-49aa-bcba-4d1e89b3a92e	598.0	19.647	0.0	Alive		598.0	598.0		62.0	Male	Poland	22982	male	white	not reported		Larynx	Larynx, NOS	Larynx, NOS	Squamous cell carcinoma, NOS	8070/3	Stage III	T3	N3b	MX		G2			yes		61.5	Current Reformed Smoker for < or = 15 yrs	Yes	Larynx	Larynx	NO	Not Evaluated	Current reformed smoker within past 15 years	61.5	Alcohol consumption more than 2 drinks per day for men and more than 1 drink per day for women	Stage IV	G2 Moderately differentiated	Squamous cell carcinoma, conventional		Classical	598.0	0.0	200.0	1.0	7198.497771	6267.242797	1	1
C3N-01859	1120a28b-67d7-4275-827e-9ecc86fc68f2	1039.0	34.136	1.0	Dead	1039.0	1039.0	1039.0		67.0	Male	Poland	24594	male	white	not reported	Unknown	Larynx	Larynx, NOS	Larynx, NOS	Squamous cell carcinoma, NOS	8070/3	Stage IVA	T4a	N2c	MX		G2			not reported		40.0	Current Reformed Smoker for < or = 15 yrs	Yes	Larynx	Larynx	NO	Not Evaluated	Current reformed smoker within past 15 years	40.0	Alcohol consumption equal to or less than 2 drinks per day for men and 1 drink or less per day for women	Stage IV	G2 Moderately differentiated	Squamous cell carcinoma, conventional	CIN	Atypical	76.0	0.0	76.0	0.0	8019.669666	6152.014132	1	1
C3N-01943	93a3c9d9-3bc8-4f9e-b6a3-170268e78035	852.0	27.992	1.0	Dead	852.0	840.0	840.0		63.0	Male	Poland	23038	male	white	not reported	Cancer Related	Larynx	Larynx, NOS	Larynx, NOS	Squamous cell carcinoma, NOS	8070/3	Stage IVA	T4a	N3a	MX		G2			no			Smoking history not documented	Not Reported	Larynx	Larynx	NO	Not Evaluated	Smoking history not available		Alcohol consumption history not available	Stage IV	G2 Moderately differentiated	Squamous cell carcinoma, conventional	CIN	Atypical	659.0	0.0	659.0	0.0	7256.040173	4803.753271	1	1
C3N-01944	e3d48564-efdf-4cea-89b0-c14154b4e1fc	438.0	14.39	1.0	Dead	438.0	438.0	610.0		65.0	Male	Poland	24082	male	white	not reported	Unknown	Other and unspecified parts of tongue	Tongue, NOS	Tongue, NOS	Squamous cell carcinoma, NOS	8070/3	Stage IVA	T4a	N1	M0		G3			yes		45.0	Current Smoker	Yes	Oral cavity	Tongue	NO	Not Evaluated	Current smoker: Includes daily and non-daily smokers	45.0	Alcohol consumption equal to or less than 2 drinks per day for men and 1 drink or less per day for women	Stage IV	G3 Poorly differentiated	Squamous cell carcinoma, conventional	Basal	Mesenchymal	610.0	0.0	558.0	1.0	7379.857472	7719.467126	1	1
C3N-01945	7708ac98-2c65-4a68-8646-6a46bd65fa6c	1115.0	36.632	1.0	Dead	1115.0	1115.0	1115.0		61.0	Male	Poland	22403	male	white	not reported	Unknown	Larynx	Larynx, NOS	Larynx, NOS	Squamous cell carcinoma, NOS	8070/3	Stage III	T2	N1	M0		G2			not reported			Current Reformed Smoker for > 15 yrs	Not Reported	Larynx	Larynx	NO	Not Evaluated	Current reformed smoker, more than 15 years		Alcohol consumption history not available	Stage III	G2 Moderately differentiated	Squamous cell carcinoma, conventional	CIN	Classical	20.0	0.0	20.0	0.0	6694.529778	6931.64948	1	1
C3N-01946	14b0b2d5-46a1-426c-aec2-9b6520f92347	1865.0	61.273	0.0	Alive		1865.0	1865.0		64.0	Male	Poland	23694	male	white	not reported		Larynx	Larynx, NOS	Larynx, NOS	Squamous cell carcinoma, NOS	8070/3	Stage II	T2	N0	M0		G2			no			Current Reformed Smoker, Duration Not Specified	No	Larynx	Larynx	NO	Not Evaluated	Current reformed smoker within past 15 years		Lifelong non-drinker	Stage II	G2 Moderately differentiated	Squamous cell carcinoma, conventional	Immune	Mesenchymal	217.0	0.0	217.0	0.0	9805.370561	7320.801741	1	1
C3N-01947	d71f4505-9d64-4481-b9ae-f86d961a1b27	1191.0	39.129	0.0	Alive		1191.0	1191.0		49.0	Male	Poland	18216	male	white	not reported		Floor of mouth	Floor of mouth, NOS	Floor of mouth, NOS	Squamous cell carcinoma, NOS	8070/3	Stage IVA	T3	N2b	MX		G2			not reported			Lifelong Non-Smoker	Yes	Oral cavity	Floor of mouth	NO	Not Evaluated	Lifelong non-smoker: Less than 100 cigarettes smoked in lifetime		Alcohol consumption equal to or less than 2 drinks per day for men and 1 drink or less per day for women	Stage IV	G2 Moderately differentiated	Squamous cell carcinoma, conventional	Immune	Mesenchymal	401.0	0.0	401.0	0.0	9086.657983	8369.540985	1	1
C3N-01948	fa75026c-662b-422d-bde0-de3155671dc0	444.0	14.587	1.0	Dead	444.0	444.0	444.0		55.0	Female	Poland	20359	female	white	not reported	Cancer Related	Other and unspecified parts of tongue	Tongue, NOS	Tongue, NOS	Squamous cell carcinoma, NOS	8070/3	Stage IVA	T4a	N2b	M0		G2			yes			Smoking history not documented	Not Reported	Oral cavity	Tongue	NO	Not Evaluated	Smoking history not available		Alcohol consumption history not available	Stage IV	G2 Moderately differentiated	Squamous cell carcinoma, conventional	Immune	Atypical	422.0	0.0	422.0	0.0	9307.146827	7706.958045	1	1
C3N-02275	e94c9713-d731-4c6d-964d-35b8ed25baac	1358.0	44.616	0.0	Alive		1358.0	1358.0		69.0	Male	Poland	25376	male	white	not reported		Larynx	Larynx, NOS	Larynx, NOS	Squamous cell carcinoma, NOS	8070/3	Stage IVA	T4a	N0	M0		G2			no			Smoking history not documented	Not Reported	Larynx	Larynx	NO	Not Evaluated	Smoking history not available		Alcohol consumption history not available	Stage IV	G2 Moderately differentiated	Squamous cell carcinoma, conventional	Basal	Mesenchymal	617.0	0.0	617.0	0.0	8593.664692	6171.891354	1	1
C3N-02279	f427b93c-e660-4ada-874f-5aa00a25b34b	414.0	13.602	0.0	Alive		414.0	414.0		59.0	Male	Poland	21586	male	white	not reported		Larynx	Larynx, NOS	Larynx, NOS	Squamous cell carcinoma, NOS	8070/3	Stage III	T3	N0	M0		G2			no		39.0	Current Reformed Smoker for < or = 15 yrs	Yes	Larynx	Larynx	NO	Not Evaluated	Current reformed smoker within past 15 years	39.0	Alcohol consumption equal to or less than 2 drinks per day for men and 1 drink or less per day for women	Stage III	G2 Moderately differentiated	Squamous cell carcinoma, conventional	Basal	Basal	414.0	0.0	414.0	0.0	7399.477079	6815.19623	1	1
C3N-02333	30d5de9e-822e-4794-9a3e-cf1bccf1dab7	735.0	24.148	0.0	Alive		735.0	735.0		61.0	Male	Ukraine	22285	male	white	not reported		Larynx	Larynx, NOS	Larynx, NOS	Squamous cell carcinoma, NOS	8070/3	Stage IVA	T4a	NX	MX		G2			no			Current Reformed Smoker for < or = 15 yrs	Yes	Larynx	Larynx	NO	Negative	Current reformed smoker within past 15 years		Alcohol consumption equal to or less than 2 drinks per day for men and 1 drink or less per day for women	Stage IV	G2 Moderately differentiated	Squamous cell carcinoma, conventional	Immune	Mesenchymal	735.0	0.0	735.0	0.0	9022.349073	7348.023786	1	1
C3N-02693	ec0657ec-013b-4097-b3c6-b678cb29f85f	1889.0	62.062	0.0	Alive		1889.0	1889.0					15703	male	white	not reported		Larynx	Larynx, NOS	Larynx, NOS	Squamous cell carcinoma, NOS	8070/3	Stage III	T3	N0	MX		G2			no			Lifelong Non-Smoker	No																			1	0
C3N-02694	af10dacb-24e8-4f8c-9210-d67b6a8a09b1	617.0	20.271	1.0	Dead	617.0	617.0	617.0		57.0	Male	Poland	20892	male	white	not reported	Cancer Related	Other and unspecified parts of tongue	Tongue, NOS	Tongue, NOS	Squamous cell carcinoma, NOS	8070/3	Stage IVA	T2	N2b	MX		G2			no			Current Reformed Smoker, Duration Not Specified	Yes	Oral cavity	Tongue	NO	Not Evaluated	Current reformed smoker, years unknown		Alcohol consumption equal to or less than 2 drinks per day for men and 1 drink or less per day for women	Stage IV	G2 Moderately differentiated	Squamous cell carcinoma, conventional	Immune	Mesenchymal	239.0	0.0	239.0	0.0	9361.656935	8945.001701	1	1
C3N-02695	a59a90d9-f1b0-49dd-9c97-bcaa6ba55d44	1899.0	62.39	0.0	Alive		1899.0	1899.0		45.0	Male	Poland	16652	male	white	not reported		Floor of mouth	Floor of mouth, NOS	Floor of mouth, NOS	Squamous cell carcinoma, NOS	8070/3	Stage III	T3	N0	MX		G1			no		16.8	Current Smoker	Yes	Oral cavity	Floor of mouth	NO	Not Evaluated	Current smoker: Includes daily and non-daily smokers	16.8	Alcohol consumption equal to or less than 2 drinks per day for men and 1 drink or less per day for women	Stage III	G1 Well differentiated	Squamous cell carcinoma, conventional	Basal	Basal	611.0	0.0	611.0	0.0	7022.660147	5937.036833	1	1
C3N-02700	8b0ad21d-929d-446c-be13-fde7d97ab4b5	5.0	0.164	0.0	Alive		5.0	5.0		80.0	Female	Ukraine	29529	female	white	not reported		Lip	Lip, NOS	Lip, NOS	Squamous cell carcinoma, NOS	8070/3	Stage II	T2	NX	MX		G1			no			Lifelong Non-Smoker	No	Lip	Lip	NO	Positive (>70% nuclear and cytoplasmic staining)	Lifelong non-smoker: Less than 100 cigarettes smoked in lifetime		Lifelong non-drinker	Stage II	G1 Well differentiated	Squamous cell carcinoma, conventional	Basal	Basal	5.0	0.0	5.0	0.0	8128.32296	5691.04835	1	1
C3N-02713	4bf8bf07-3a82-4723-818c-dd66643bef07	744.0	24.444	0.0	Alive		744.0	744.0		64.0	Male	Ukraine	23707	male	asian	not reported		Larynx	Larynx, NOS	Larynx, NOS	Squamous cell carcinoma, NOS	8070/3	Stage IVA	T3	N2	MX		G3			no		45.0	Current Smoker	No	Larynx	Larynx	NO	Not Evaluated	Current smoker: Includes daily and non-daily smokers	45.0	Lifelong non-drinker	Stage IV	G3 Poorly differentiated	Squamous cell carcinoma, conventional	CIN	Classical	744.0	0.0	744.0	0.0	5220.095945	5396.144947	1	1
C3N-02714	91f09875-d14f-4fc5-8187-91a29ad32450	907.0	29.799	0.0	Alive		907.0	907.0		23.0	Male	Ukraine	8551	male	white	not reported		Other and unspecified parts of tongue	Tongue, NOS	Tongue, NOS	Squamous cell carcinoma, NOS	8070/3	Stage II	T2	NX	MX		G2			no			Lifelong Non-Smoker	No	Oral cavity	Tongue	NO	Positive (>70% nuclear and cytoplasmic staining)	Lifelong non-smoker: Less than 100 cigarettes smoked in lifetime		Lifelong non-drinker	Stage II	G2 Moderately differentiated	Squamous cell carcinoma, conventional	Immune	Mesenchymal	907.0	0.0	907.0	0.0	8894.705175	7581.433954	1	1
C3N-02716	6e5e5bb1-b76d-42f6-bd2b-c2f325d79122	258.0	8.476	0.0	Alive		258.0	258.0		76.0	Male	Ukraine	28077	male	white	not reported		Lip	Lip, NOS	Lip, NOS	Squamous cell carcinoma, NOS	8070/3	Stage I	T1	NX	MX		G1			no			Current Smoker	Yes	Lip	Lip	NO	Positive (>70% nuclear and cytoplasmic staining)	Current smoker: Includes daily and non-daily smokers		Alcohol consumption equal to or less than 2 drinks per day for men and 1 drink or less per day for women	Stage I	G1 Well differentiated	Squamous cell carcinoma, conventional	Immune	Atypical	258.0	0.0	258.0	0.0	7778.97507	7083.32021	1	1
C3N-02727	a9093c1c-e832-4c99-a607-d167927c6c2b	693.0	22.768	0.0	Alive		693.0	693.0		49.0	Male	Ukraine	18210	male	white	not reported		Larynx	Larynx, NOS	Larynx, NOS	Squamous cell carcinoma, NOS	8070/3	Stage IVA	T4a	NX	MX		G2			no			Current Smoker	Yes	Larynx	Larynx	NO	Negative	Current smoker: Includes daily and non-daily smokers		Alcohol consumption equal to or less than 2 drinks per day for men and 1 drink or less per day for women	Stage IV	G2 Moderately differentiated	Squamous cell carcinoma, conventional	Immune	Mesenchymal	693.0	0.0	693.0	0.0	9307.036194	8801.307424	1	1
C3N-02730	03edce05-f623-43f0-a0b9-2df4443452d5	365.0	11.992	0.0	Alive		365.0	365.0		40.0	Male	China	14629	male	asian	not reported		Other and unspecified parts of tongue	Tongue, NOS	Tongue, NOS	Squamous cell carcinoma, NOS	8070/3	Stage III	T1	N1	M0		G2			no			Lifelong Non-Smoker	No	Oral cavity	Tongue	NO	Not Evaluated	Lifelong non-smoker: Less than 100 cigarettes smoked in lifetime		Lifelong non-drinker	Stage III	G2 Moderately differentiated	Squamous cell carcinoma, conventional	Immune	Mesenchymal	365.0	0.0	365.0	0.0	9868.225196	8943.570062	1	1
C3N-02925	fcc91258-97c7-4695-839f-face092deba5	1710.0	56.181	0.0	Alive		1710.0	1710.0		68.0	Female	China	25138	female	asian	not reported		Other and unspecified parts of tongue	Tongue, NOS	Tongue, NOS	Squamous cell carcinoma, NOS	8070/3	Stage IV	T3	N2b	M0		G2			no			Lifelong Non-Smoker	No	Oral cavity	Tongue	NO	Not Evaluated	Lifelong non-smoker: Less than 100 cigarettes smoked in lifetime		Lifelong non-drinker	Stage IV	G2 Moderately differentiated	Keratinizing squamous cell carcinoma	Immune	Basal	770.0	0.0	770.0	0.0	9904.398057	7089.288448	1	1
C3N-03008	92f9a812-668e-49e2-915a-4751401ace57	158.0	5.191	1.0	Dead	158.0	146.0	146.0		65.0	Female	Poland	23789	female	white	not reported	Cancer Related	Floor of mouth	Floor of mouth, NOS	Floor of mouth, NOS	Squamous cell carcinoma, NOS	8070/3	Stage IVB	T4a	N2c	MX		G2			no		22.5	Current Smoker	Yes	Oral cavity	Floor of mouth	NO	Not Evaluated	Current smoker: Includes daily and non-daily smokers	22.5	Alcohol consumption more than 2 drinks per day for men and more than 1 drink per day for women	Stage IV	G2 Moderately differentiated	Squamous cell carcinoma, conventional	Basal	Mesenchymal	158.0	1.0	158.0	1.0	6864.752029	7532.452338	1	1
C3N-03009	affe193e-8e8a-42e2-aa14-67b115a25493	655.0	21.52	1.0	Dead	655.0	636.0	636.0		58.0	Male	Poland	21529	male	white	not reported	Not Cancer Related	Floor of mouth	Floor of mouth, NOS	Floor of mouth, NOS	Squamous cell carcinoma, NOS	8070/3	Stage I	T1	N0	MX		G2			no		31.5	Current Smoker	Yes	Oral cavity	Floor of mouth	NO	Not Evaluated	Current smoker: Includes daily and non-daily smokers	31.5	Alcohol consumption more than 2 drinks per day for men and more than 1 drink per day for women	Stage I	G2 Moderately differentiated	Squamous cell carcinoma, conventional	CIN	Classical	655.0	1.0	655.0	1.0	5131.34755	6797.453417	1	1
C3N-03011	df44d149-bfc1-4659-8a4e-f663855ab7b1	598.0	19.647	1.0	Dead	598.0	598.0	598.0		62.0	Male	Poland	22872	male	white	not reported	Not Cancer Related	Larynx	Larynx, NOS	Larynx, NOS	Squamous cell carcinoma, NOS	8070/3	Stage IVA	T2	N2b	MX		G3			yes		38.0	Current Reformed Smoker for < or = 15 yrs	Yes	Larynx	Larynx	NO	Not Evaluated	Current reformed smoker within past 15 years	38.0	Alcohol consumption equal to or less than 2 drinks per day for men and 1 drink or less per day for women	Stage IV	G3 Poorly differentiated	Squamous cell carcinoma, conventional	CIN	Atypical	598.0	1.0	396.0	1.0	6830.57982	5274.918068	1	1
C3N-03012	0e6fc7ff-95b9-4b68-8bbb-799609f16e8d	1333.0	43.795	1.0	Dead	1333.0	1333.0	1333.0		71.0	Male	Poland	26252	male	white	not reported	Unknown	Larynx	Larynx, NOS	Larynx, NOS	Squamous cell carcinoma, NOS	8070/3	Stage IVA	T4a	N0	MX		G2			no			Current Reformed Smoker, Duration Not Specified	Yes	Larynx	Larynx	NO	Unknown	Current reformed smoker, years unknown		Alcohol consumption equal to or less than 2 drinks per day for men and 1 drink or less per day for women	Stage IV	G2 Moderately differentiated	Squamous cell carcinoma, conventional	CIN	Classical	273.0	0.0	273.0	0.0	4492.50941	6716.016019	1	1
C3N-03013	06a5212b-f025-4d72-b10f-9b0b91274f72	1822.0	59.86	0.0	Alive		1822.0	1822.0		59.0	Male	Poland	21782	male	white	not reported		Other and unspecified parts of tongue	Tongue, NOS	Tongue, NOS	Squamous cell carcinoma, NOS	8070/3	Stage II	T2	NX	MX		G2			no			Lifelong Non-Smoker	Yes	Oral cavity	Tongue	NO	Not Evaluated	Lifelong non-smoker: Less than 100 cigarettes smoked in lifetime		Alcohol consumption equal to or less than 2 drinks per day for men and 1 drink or less per day for women	Stage II	G2 Moderately differentiated	Squamous cell carcinoma, conventional	Immune	Atypical	688.0	0.0	688.0	0.0	8805.211906	8855.514614	1	1
C3N-03015	b3e9d84f-f513-47d5-b3dd-c940ecb19e16	1815.0	59.63	0.0	Alive		1815.0	1815.0		61.0	Male	Poland	22292	male	white	not reported		Floor of mouth	Floor of mouth, NOS	Floor of mouth, NOS	Squamous cell carcinoma, NOS	8070/3	Stage IVB	T4a	N2b	MX		G3			no			Lifelong Non-Smoker	Yes	Oral cavity	Floor of mouth	NO	Not Evaluated	Lifelong non-smoker: Less than 100 cigarettes smoked in lifetime		Alcohol consumption equal to or less than 2 drinks per day for men and 1 drink or less per day for women	Stage IV	G3 Poorly differentiated	Squamous cell carcinoma, conventional	Basal	Atypical	660.0	0.0	660.0	0.0	8271.449708	7041.91195	1	1
C3N-03027	39f5218a-5a5c-452a-916a-d840fa9757d8	211.0	6.932	1.0	Dead	211.0	211.0	310.0		65.0	Male	Poland	23896	male	white	not reported	Not Cancer Related	Floor of mouth	Floor of mouth, NOS	Floor of mouth, NOS	Squamous cell carcinoma, NOS	8070/3	Stage II	T2	N0	M0		G2			no		48.0	Current Smoker	Yes	Oral cavity	Floor of mouth	NO	Not Evaluated	Current smoker: Includes daily and non-daily smokers	48.0	Alcohol consumption more than 2 drinks per day for men and more than 1 drink per day for women	Stage II	G2 Moderately differentiated	Squamous cell carcinoma, conventional	CIN	Atypical	310.0	1.0		1.0	7101.798643	5566.75901	1	1
C3N-03028	746b10e2-5824-45e5-b85d-fdecffef3e1a	1779.0	58.448	0.0	Alive		1779.0	1779.0		59.0	Male	Poland	21881	male	white	not reported		Floor of mouth	Floor of mouth, NOS	Floor of mouth, NOS	Squamous cell carcinoma, NOS	8070/3	Stage IVA	T2	N2b	MX		G2			no		39.0	Current Smoker	Yes	Oral cavity	Floor of mouth	NO	Not Evaluated	Current smoker: Includes daily and non-daily smokers	39.0	Alcohol consumption more than 2 drinks per day for men and more than 1 drink per day for women	Stage IV	G2 Moderately differentiated	Squamous cell carcinoma, conventional	Basal	Mesenchymal	652.0	0.0	652.0	0.0	7831.873692	7353.736545	1	1
C3N-03042	347e22d2-cb00-47d1-bb2d-1b476abdfbe2				Not Reported					67.0	Female	United States	24572	female	not reported	hispanic or latino		Other and ill-defined sites in lip, oral cavity and pharynx	Overlapping lesion of lip, oral cavity and pharynx	Overlapping lesion of lip, oral cavity and pharynx	Squamous cell carcinoma, NOS	8070/3	Stage IVB	T4a	N3b	M0		G2			not reported					Oral cavity	Oral cavity	NO	Negative	Smoking history not available			Stage IV	G2 Moderately differentiated	Squamous cell carcinoma, conventional	Basal	Mesenchymal					5907.724612	6460.922624	1	1
C3N-03045	de35e7e4-1e13-4180-a7d8-66cc967a9ae0				Not Reported					77.0	Male	United States	28410	male	not reported	hispanic or latino		Other and unspecified parts of tongue	Tongue, NOS	Tongue, NOS	Squamous cell carcinoma, NOS	8070/3	Stage III	T2	N1	M0		G1			not reported					Oral cavity	Tongue	NO	Negative	Smoking history not available			Stage III	G1 Well differentiated	Squamous cell carcinoma, conventional	Basal	Basal					6125.854309	4932.8686	1	1
C3N-03226	42f5bee3-8217-4d9e-ad2b-42ba0ffeceae	730.0	23.984	0.0	Alive		730.0	730.0		54.0	Male	Ukraine	19938	male	white	not reported		Other and unspecified parts of tongue	Tongue, NOS	Tongue, NOS	Squamous cell carcinoma, NOS	8070/3	Stage IVA	T2	N2b	MX		G2			no		35.0	Current Smoker	Yes	Oral cavity	Tongue	NO	Not Evaluated	Current smoker: Includes daily and non-daily smokers	35.0	Alcohol consumption equal to or less than 2 drinks per day for men and 1 drink or less per day for women	Stage IV	G2 Moderately differentiated	Squamous cell carcinoma, conventional	Immune	Atypical	730.0	0.0	730.0	0.0	8410.581778	7725.028018	1	1
C3N-03433	cf958f8c-f1c7-4adb-ad0f-fab5133042ed	960.0	31.54	1.0	Dead	960.0	960.0	960.0		76.0	Male	Poland	28032	male	white	not reported	Unknown	Other and unspecified parts of tongue	Tongue, NOS	Tongue, NOS	Squamous cell carcinoma, NOS	8070/3	Stage II	T2	N0	MX		G2			no		40.5	Current Smoker	Yes	Oral cavity	Tongue	NO	Not Evaluated	Current smoker: Includes daily and non-daily smokers	40.5	Alcohol consumption equal to or less than 2 drinks per day for men and 1 drink or less per day for women	Stage II	G2 Moderately differentiated	Squamous cell carcinoma, conventional	CIN	Classical	645.0	0.0	645.0	0.0	7166.765405	6426.336016	1	1
C3N-03456	ce10e6ca-05e1-4495-a3e6-868d375207ca	1748.0	57.429	0.0	Alive		1748.0	1748.0		64.0	Male	Poland	23616	male	white	not reported		Floor of mouth	Floor of mouth, NOS	Floor of mouth, NOS	Squamous cell carcinoma, NOS	8070/3	Stage IVA	T4a	N0	MX		G2			no		41.0	Current Smoker	Yes	Oral cavity	Floor of mouth	NO	Not Evaluated	Current smoker: Includes daily and non-daily smokers	41.0	Alcohol consumption more than 2 drinks per day for men and more than 1 drink per day for women	Stage IV	G2 Moderately differentiated	Squamous cell carcinoma, conventional	CIN	Classical	677.0	0.0	677.0	0.0	5545.333423	6439.29269	1	1
C3N-03457	1f9bd893-4a8c-47ae-aa59-c32b5a430575	1717.0	56.411	0.0	Alive		1717.0	1717.0		71.0	Male	Poland	26052	male	white	not reported		Floor of mouth	Floor of mouth, NOS	Floor of mouth, NOS	Squamous cell carcinoma, NOS	8070/3	Stage II	T2	N0	MX		G2			no		36.8	Current Reformed Smoker for < or = 15 yrs	Yes	Oral cavity	Floor of mouth	NO	Not Evaluated	Current reformed smoker within past 15 years	36.8	Alcohol consumption equal to or less than 2 drinks per day for men and 1 drink or less per day for women	Stage II	G2 Moderately differentiated	Squamous cell carcinoma, conventional	Immune	Mesenchymal	695.0	0.0	695.0	0.0	9020.741798	9627.987701	1	1
C3N-03458	28d777f2-f4c8-4853-bd28-1bba94f2bfa6	1715.0	56.345	0.0	Alive		1715.0	1715.0		70.0	Male	Poland	25648	male	white	not reported		Floor of mouth	Floor of mouth, NOS	Floor of mouth, NOS	Squamous cell carcinoma, NOS	8070/3	Stage II	T2	N0	MX		G1			no		56.3	Current Smoker	Yes	Oral cavity	Floor of mouth	NO		Current smoker: Includes daily and non-daily smokers			Stage II	G1 Well differentiated		Basal	Atypical	693.0	0.0	693.0	0.0	6746.609023	6027.079084	1	1
C3N-03487	d12f0184-bc14-4199-9216-86734bdd2dcb	728.0	23.918	0.0	Alive		728.0	728.0		53.0	Female	Ukraine	19702	female	white	not reported		Gum	Gum, NOS	Gum, NOS	Squamous cell carcinoma, NOS	8070/3	Stage IVA	T4a	N0	MX		G2			yes			Lifelong Non-Smoker	No	Oral cavity	Alveolar ridge	NO	Not Evaluated	Lifelong non-smoker: Less than 100 cigarettes smoked in lifetime		Lifelong non-drinker	Stage IV	G2 Moderately differentiated	Squamous cell carcinoma, conventional	Immune	Mesenchymal	728.0	0.0	726.0	1.0	9299.472289	8134.452066	1	1
C3N-03488	eae1ec60-407a-4342-bacd-d8302ab1444c	706.0	23.195	0.0	Alive		706.0	706.0		64.0	Male	Ukraine	23634	male	white	not reported		Other and ill-defined sites	Head, face or neck, NOS	Head, face or neck, NOS	Squamous cell carcinoma, NOS	8070/3	Stage III	T3	NX	MX		G2			no		45.0	Current Smoker	Yes	Hypopharynx	Other	NO	Not Evaluated	Current smoker: Includes daily and non-daily smokers	45.0	Alcohol consumption equal to or less than 2 drinks per day for men and 1 drink or less per day for women	Stage III	G2 Moderately differentiated	Squamous cell carcinoma, conventional	Basal	Mesenchymal	706.0	0.0	706.0	0.0	5614.264427	7020.822857	1	1
C3N-03490	d9b2cedb-cd03-4464-b423-cab6a753213d	634.0	20.83	0.0	Alive		634.0	634.0		64.0	Male	Ukraine	23729	male	white	not reported		Base of tongue	Base of tongue, NOS	Base of tongue, NOS	Squamous cell carcinoma, NOS	8070/3	Stage III	T3	N0	MX		G2			no			Lifelong Non-Smoker	No	Oropharynx	Base of tongue	NO	Not Evaluated	Lifelong non-smoker: Less than 100 cigarettes smoked in lifetime		Lifelong non-drinker	Stage III	G2 Moderately differentiated	Squamous cell carcinoma, conventional	CIN	Classical	634.0	0.0	634.0	0.0	6145.297042	6984.498413	1	1
C3N-03612	d6d6c315-2b2e-4347-9c38-8784d15192fb	697.0	22.899	0.0	Alive		697.0	697.0		51.0	Male	Ukraine	18832	male	white	not reported		Oropharynx	Oropharynx, NOS	Oropharynx, NOS	Squamous cell carcinoma, NOS	8070/3	Stage III	T3	NX	MX		G2			no			Lifelong Non-Smoker	No	Oropharynx	Oropharynx	NO	Not Evaluated	Lifelong non-smoker: Less than 100 cigarettes smoked in lifetime		Lifelong non-drinker	Stage III	G2 Moderately differentiated	Squamous cell carcinoma, conventional	Immune	Atypical	697.0	0.0	697.0	0.0	10678.10984	5983.808904	1	1
C3N-03619	94badce5-890f-468a-a689-7596a1acbd7d	97.0	3.187	0.0	Alive		97.0	97.0		59.0	Male	Ukraine	21757	male	white	not reported		Other and unspecified parts of tongue	Tongue, NOS	Tongue, NOS	Squamous cell carcinoma, NOS	8070/3	Stage II	T2	N0	MX		G2			no		35.0	Current Smoker	Yes	Oral cavity	Tongue	NO	Not Evaluated	Current smoker: Includes daily and non-daily smokers	35.0	Alcohol consumption equal to or less than 2 drinks per day for men and 1 drink or less per day for women	Stage II	G2 Moderately differentiated	Squamous cell carcinoma, conventional		Atypical	97.0	0.0	97.0	0.0	7267.440427	7000.525344	1	1
C3N-03620	1dcf0d2d-d119-4654-a7b7-28d1eac23772	728.0	23.918	0.0	Alive		728.0	728.0		61.0	Male	Ukraine	22641	male	white	not reported		Other and unspecified parts of tongue	Tongue, NOS	Tongue, NOS	Squamous cell carcinoma, NOS	8070/3	Stage II	T2	NX	MX		G2	no		yes			Lifelong Non-Smoker	No	Oral cavity	Tongue	NO	Not Evaluated	Lifelong non-smoker: Less than 100 cigarettes smoked in lifetime		Lifelong non-drinker	Stage II	G2 Moderately differentiated	Squamous cell carcinoma, conventional	Immune	Atypical	728.0	0.0	149.0	1.0	9562.408984	8784.023801	1	1
C3N-03664	ed7511b7-0fc3-4ffb-9c2d-4be01279b7f6	733.0	24.082	0.0	Alive		733.0	733.0		58.0	Male	Ukraine	21361	male	white	not reported		Floor of mouth	Floor of mouth, NOS	Floor of mouth, NOS	Squamous cell carcinoma, NOS	8070/3	Stage IVA	T4a	N2c	MX		G2			no			Lifelong Non-Smoker	No	Oral cavity	Floor of mouth	NO	Not Evaluated	Lifelong non-smoker: Less than 100 cigarettes smoked in lifetime		Lifelong non-drinker	Stage IV	G2 Moderately differentiated	Squamous cell carcinoma, conventional	Basal	Atypical	733.0	0.0	733.0	0.0	5794.499567	6235.504976	1	1
C3N-03781	abfd83bc-976a-47a6-8506-f76c2a9dde8e	1235.0	40.575	1.0	Dead	1235.0	1235.0	1235.0		68.0	Male	Poland	24899	male	white	not reported	Unknown	Larynx	Larynx, NOS	Larynx, NOS	Squamous cell carcinoma, NOS	8070/3	Stage IVA	T4a	N0	MX		G2			no		22.0	Current Reformed Smoker for > 15 yrs	Yes	Larynx	Larynx	NO	Not Evaluated	Current reformed smoker, more than 15 years	22.0	Alcohol consumption equal to or less than 2 drinks per day for men and 1 drink or less per day for women	Stage IV	G2 Moderately differentiated	Squamous cell carcinoma, conventional		Mesenchymal	756.0	0.0	756.0	0.0	7107.47205	7985.804043	1	1
C3N-03782	69ae8ce9-a538-4535-bdd8-8b9b626f01c0	1901.0	62.456	0.0	Alive		1901.0	1901.0		50.0	Female	Poland	18540	female	white	not reported		Floor of mouth	Floor of mouth, NOS	Floor of mouth, NOS	Squamous cell carcinoma, NOS	8070/3	Stage IVA	T4a	N0	MX		G1			no		30.0	Current Smoker	Yes	Oral cavity	Floor of mouth	NO	Not Evaluated	Current smoker: Includes daily and non-daily smokers	30.0	Alcohol consumption equal to or less than 2 drinks per day for men and 1 drink or less per day for women	Stage IV	G1 Well differentiated	Squamous cell carcinoma, conventional	Basal	Atypical	628.0	0.0	628.0	0.0	4993.8734	5188.792619	1	1
C3N-03783	615a0ca9-8c35-4bbd-bdda-dce68e805839	952.0	31.277	1.0	Dead	952.0	952.0	952.0		67.0	Male	Poland	24500	male	white	not reported	Cancer Related	Gum	Gum, NOS	Gum, NOS	Squamous cell carcinoma, NOS	8070/3	Stage IVA	T2	N2b	MX		G1			no		50.0	Current Smoker	Yes	Oral cavity	Alveolar ridge	NO	Not Evaluated	Current smoker: Includes daily and non-daily smokers	50.0	Alcohol consumption equal to or less than 2 drinks per day for men and 1 drink or less per day for women	Stage IV	G1 Well differentiated	Squamous cell carcinoma, conventional		Mesenchymal	739.0	0.0	721.0	1.0	8451.386202	8012.368622	1	1
C3N-03785	e68a13a3-ada2-4d79-af4e-cb08aad22c3a	1152.0	37.848	1.0	Dead	1152.0	658.0	658.0		66.0	Male	Poland	24203	male	white	not reported	Not Cancer Related	Other and unspecified parts of tongue	Tongue, NOS	Tongue, NOS	Squamous cell carcinoma, NOS	8070/3	Stage I	T1	NX	MX		G2			no		9.2	Current Smoker	Yes	Oral cavity	Tongue	NO	Not Evaluated	Current smoker: Includes daily and non-daily smokers	9.2	Alcohol consumption equal to or less than 2 drinks per day for men and 1 drink or less per day for women	Stage I	G2 Moderately differentiated	Squamous cell carcinoma, conventional	CIN	Atypical	658.0	0.0	658.0	0.0	4178.197713	3037.218187	1	1
C3N-03837	30605b1c-c44e-4a0f-b16e-82f6dd6d1560	1750.0	57.495	0.0	Alive		1750.0	1750.0		54.0	Male	China	19778	male	asian	not reported		Lip	Lip, NOS	Lip, NOS	Squamous cell carcinoma, NOS	8070/3	Stage III	T3	N0	M0		G1			no			Lifelong Non-Smoker	Yes	Lip	Lip	NO	Not Evaluated	Lifelong non-smoker: Less than 100 cigarettes smoked in lifetime		Alcohol consumption equal to or less than 2 drinks per day for men and 1 drink or less per day for women	Stage III	G1 Well differentiated	Squamous cell carcinoma, conventional		Basal	706.0	0.0	706.0	0.0	8003.79671	6229.92831	1	1
C3N-03841	e905fc64-be21-47b8-928e-2e1d14c19438	753.0	24.739	1.0	Dead	753.0	331.0	331.0		59.0	Male	China	21732	male	asian	not reported	Unknown	Other and ill-defined sites	Head, face or neck, NOS	Head, face or neck, NOS	Squamous cell carcinoma, NOS	8070/3	Stage III	T3	N1	M0		G3			yes		34.0	Current Smoker	Yes	Larynx	Other	NO	Not Evaluated	Current smoker: Includes daily and non-daily smokers	34.0	Alcohol consumption more than 2 drinks per day for men and more than 1 drink per day for women	Stage III	G3 Poorly differentiated	Squamous cell carcinoma, conventional	CIN	Mesenchymal	753.0	1.0	105.0	1.0	9004.291325	7057.917607	1	1
C3N-03849	669a57c7-0ecd-4b39-8a2e-a98a830bebed	335.0	11.006	0.0	Alive		335.0	335.0		55.0	Male	China	20363	male	asian	not reported		Larynx	Larynx, NOS	Larynx, NOS	Squamous cell carcinoma, NOS	8070/3	Stage IVA	T4a	N2b	M0		G1			yes			Lifelong Non-Smoker	No	Larynx	Larynx	NO	Not Evaluated	Lifelong non-smoker: Less than 100 cigarettes smoked in lifetime		Lifelong non-drinker	Stage IV	G1 Well differentiated	Squamous cell carcinoma, conventional	CIN	Atypical	335.0	0.0	265.0	1.0	6250.864705	6188.218272	1	1
C3N-03876	1d47a768-0bd7-4d6f-ad2b-d0a68934a874	465.0	15.277	1.0	Dead	465.0	422.0	422.0		65.0	Male	China	23849	male	asian	not reported	Unknown	Larynx	Larynx, NOS	Larynx, NOS	Squamous cell carcinoma, NOS	8070/3	Stage IVA	T3	N2b	M0		G1			no		22.0	Current Reformed Smoker for > 15 yrs	Yes	Larynx	Larynx	NO	Unknown	Current reformed smoker, more than 15 years	22.0	Alcohol consumption more than 2 drinks per day for men and more than 1 drink per day for women	Stage IV	G1 Well differentiated	Squamous cell carcinoma, conventional	Basal	Classical	465.0	1.0	465.0	1.0	5729.003577	5555.585958	1	1
C3N-03878	7614dd6a-c7d7-494f-a846-109390c2633b	1840.0	60.452	0.0	Alive		1840.0	1840.0		52.0	Male	China	19338	male	asian	not reported		Larynx	Larynx, NOS	Larynx, NOS	Squamous cell carcinoma, NOS	8070/3	Stage III	T3	N1	M0		G1			yes		10.0	Current Smoker	No	Larynx	Larynx	NO	Not Evaluated	Current smoker: Includes daily and non-daily smokers	10.0	Lifelong non-drinker	Stage III	G1 Well differentiated	Squamous cell carcinoma, conventional	CIN	Classical	390.0	0.0	390.0	0.0	6868.706676	6917.552525	1	1
C3N-03888	0a1dea80-841d-4142-87e4-d698ba3c6693	675.0	22.177	0.0	Alive		675.0	675.0		58.0	Male	Ukraine	21474	male	white	not reported		Larynx	Larynx, NOS	Larynx, NOS	Squamous cell carcinoma, NOS	8070/3	Stage III	T3	NX	MX		G2			no		40.0	Current Smoker	Yes	Larynx	Larynx	NO	Not Evaluated	Current smoker: Includes daily and non-daily smokers	40.0	Alcohol consumption equal to or less than 2 drinks per day for men and 1 drink or less per day for women	Stage III	G2 Moderately differentiated	Squamous cell carcinoma, conventional	CIN	Atypical	306.0	0.0	306.0	0.0	6802.39559	4789.748963	1	1
C3N-03889	ef69bf08-bc64-4f86-9604-17c77bb4b27e	694.0	22.801	0.0	Alive		694.0	694.0		53.0	Male	Ukraine	19505	male	white	not reported		Gum	Gum, NOS	Gum, NOS	Squamous cell carcinoma, NOS	8070/3	Stage IVA	T4a	N0	MX		G2			no		30.0	Current Smoker	Yes	Oral cavity	Alveolar ridge	NO	Not Evaluated	Current smoker: Includes daily and non-daily smokers	30.0	Alcohol consumption equal to or less than 2 drinks per day for men and 1 drink or less per day for women	Stage IV	G2 Moderately differentiated	Squamous cell carcinoma, conventional	Immune	Mesenchymal	288.0	0.0	288.0	0.0	7219.722156	7941.455222	1	1
C3N-03928	288a736b-3f3c-45b4-899d-3e28bd07c827	702.0	23.064	0.0	Alive		702.0	702.0		60.0	Female	Ukraine	22113	female	white	not reported		Other and unspecified parts of tongue	Tongue, NOS	Tongue, NOS	Squamous cell carcinoma, NOS	8070/3	Stage III	T2	N1	MX		G1			no			Lifelong Non-Smoker	No	Oral cavity	Tongue	NO	Not Evaluated	Lifelong non-smoker: Less than 100 cigarettes smoked in lifetime		Lifelong non-drinker	Stage III	G1 Well differentiated	Squamous cell carcinoma, conventional	Immune	Basal	280.0	0.0	280.0	0.0	9098.218537	7661.031806	1	1
C3N-03933	c43ac461-9f03-44bc-be7d-3d867eb708a0	749.0	24.608	0.0	Alive		749.0	749.0		70.0	Female	Ukraine	25635	female	white	not reported		Floor of mouth	Floor of mouth, NOS	Floor of mouth, NOS	Squamous cell carcinoma, NOS	8070/3	Stage III	T2	N1	MX		G2			no			Lifelong Non-Smoker	No	Oral cavity	Floor of mouth	NO	Not Evaluated	Lifelong non-smoker: Less than 100 cigarettes smoked in lifetime		Lifelong non-drinker	Stage III	G2 Moderately differentiated	Squamous cell carcinoma, conventional	Basal	Basal	396.0	0.0	396.0	0.0	7900.354223	7146.623165	1	1
C3N-04152	91b0cc01-305b-415c-ae56-d3262780d99e	671.0	22.045	0.0	Alive		671.0	671.0		54.0	Male	Armenia	19705	male	white	not reported		Oropharynx	Oropharynx, NOS	Oropharynx, NOS	Squamous cell carcinoma, NOS	8070/3	Stage IVA	T4a	N2b	MX		G2			no			Lifelong Non-Smoker	Yes	Oropharynx	Oropharynx	NO	Not Evaluated	Lifelong non-smoker: Less than 100 cigarettes smoked in lifetime		Alcohol consumption equal to or less than 2 drinks per day for men and 1 drink or less per day for women	Stage IV	G2 Moderately differentiated	Squamous cell carcinoma, conventional	CIN	Atypical	297.0	0.0	297.0	0.0	4863.601322	5153.497308	1	1
C3N-04273	701129b7-d95a-4fac-a9be-0d0da0642a81	425.0	13.963	1.0	Dead	425.0	377.0	377.0		73.0	Male	Poland	26874	male	white	not reported	Cancer Related	Oropharynx	Oropharynx, NOS	Oropharynx, NOS	Squamous cell carcinoma, NOS	8070/3	Stage II	T2	N2b	MX		G2			no		38.0	Current Reformed Smoker for < or = 15 yrs	Yes	Oropharynx	Oropharynx	NO	Not Evaluated	Current reformed smoker within past 15 years	38.0	Consumed alcohol in the past, but currently a non-drinker	Stage IV	G2 Moderately differentiated	Basaloid squamous cell carcinoma	CIN	Atypical	425.0	1.0	425.0	1.0	4495.994769	4786.757912	1	1
C3N-04275	2dc5fc3a-4f92-4b1b-8a54-bd86bbdeac93	1929.0	63.376	0.0	Alive		1929.0	1929.0		61.0	Male	Poland	22645	male	white	not reported		Larynx	Larynx, NOS	Larynx, NOS	Squamous cell carcinoma, NOS	8070/3	Stage II	T2	N0	MX		G1			no		41.0	Current Smoker	Yes	Larynx	Larynx	NO	Not Evaluated	Current smoker: Includes daily and non-daily smokers	41.0	Alcohol consumption equal to or less than 2 drinks per day for men and 1 drink or less per day for women	Stage II	G1 Well differentiated	Squamous cell carcinoma, conventional	Immune	Atypical	313.0	0.0	313.0	0.0	8210.346626	6635.873278	1	1
C3N-04276	6b4f086e-4ef9-4f30-874e-8a155b2e3bab	2113.0	69.421	1.0	Dead	2113.0	2113.0	2113.0		68.0	Male	Poland	24876	male	white	not reported	Cardiovascular Disorder, NOS	Larynx	Larynx, NOS	Larynx, NOS	Squamous cell carcinoma, NOS	8070/3	Stage IVA	T4a	N0	MX		G2			yes		36.8	Current Reformed Smoker for < or = 15 yrs	Yes	Larynx	Larynx	NO	Not Evaluated	Current reformed smoker within past 15 years	36.8	Alcohol consumption equal to or less than 2 drinks per day for men and 1 drink or less per day for women	Stage IV	G2 Moderately differentiated	Squamous cell carcinoma, conventional	CIN	Mesenchymal	283.0	0.0	283.0	0.0	5143.929607	6821.83286	1	1
C3N-04277	7120a122-bc2f-4c2e-bbf5-b1059b898d28	1923.0	63.179	0.0	Alive		1923.0	1923.0		72.0	Male	Poland	26445	male	white	not reported		Larynx	Larynx, NOS	Larynx, NOS	Squamous cell carcinoma, NOS	8070/3	Stage III	T3	NX	MX		G2			no		23.5	Current Smoker	Yes	Larynx	Larynx	NO	Not Evaluated	Current smoker: Includes daily and non-daily smokers	23.5	Alcohol consumption equal to or less than 2 drinks per day for men and 1 drink or less per day for women	Stage III	G2 Moderately differentiated	Squamous cell carcinoma, conventional	Immune	Mesenchymal	436.0	0.0	436.0	0.0	8589.873314	7772.142353	1	1
C3N-04278	d890c1b1-c228-42ac-94e8-00cf5a7d7776	576.0	18.924	1.0	Dead	576.0	576.0	742.0		71.0	Male	Poland	26252	male	white	not reported	Unknown	Larynx	Larynx, NOS	Larynx, NOS	Squamous cell carcinoma, NOS	8070/3	Stage III	T3	NX	MX		G2			yes		28.5	Current Reformed Smoker for < or = 15 yrs	Yes	Larynx	Larynx	NO	Not Evaluated	Current reformed smoker within past 15 years	28.5	Alcohol consumption equal to or less than 2 drinks per day for men and 1 drink or less per day for women	Stage III	G2 Moderately differentiated	Basaloid squamous cell carcinoma	CIN	Classical	351.0	0.0	351.0	0.0	7074.622965	6713.95651	1	1
C3N-04279	8ed163a6-eae6-4bf5-9b0c-80de5dd4935b	1557.0	51.154	1.0	Dead	1557.0	1557.0	1557.0		65.0	Male	Poland	24049	male	white	not reported	Unknown	Floor of mouth	Floor of mouth, NOS	Floor of mouth, NOS	Squamous cell carcinoma, NOS	8070/3	Stage II	T2	N0	MX		G2			not reported		33.8	Current Smoker	Yes	Oral cavity	Floor of mouth	NO	Not Evaluated	Current smoker: Includes daily and non-daily smokers	33.8	Alcohol consumption equal to or less than 2 drinks per day for men and 1 drink or less per day for women	Stage II	G2 Moderately differentiated	Squamous cell carcinoma, conventional	Basal	Classical	310.0	0.0	310.0	0.0	5469.762929	4913.19811	1	1
C3N-04280	1f370a2d-7fbd-4fa5-8bb8-bdaa94c1ba9f	1861.0	61.142	0.0	Alive		1861.0	1861.0		65.0	Male	Poland	24126	male	white	not reported		Larynx	Larynx, NOS	Larynx, NOS	Squamous cell carcinoma, NOS	8070/3	Stage II	T2	N0	MX		G1			no		10.0	Current Reformed Smoker for < or = 15 yrs	Yes	Larynx	Larynx	NO	Not Evaluated	Current reformed smoker within past 15 years	10.0	Alcohol consumption equal to or less than 2 drinks per day for men and 1 drink or less per day for women	Stage II	G1 Well differentiated	Squamous cell carcinoma, conventional	Basal	Basal	232.0	0.0	232.0	0.0	5361.231467	5615.887039	1	1
C3N-04611	f0dedbcb-1151-4bdb-8f32-9c3311d298fb				Not Reported					55.0	Male	Ukraine	20250	male	white	not reported		Larynx	Larynx, NOS	Larynx, NOS	Squamous cell carcinoma, NOS	8070/3	Stage III	T3	NX	MX		G2			not reported			Current Smoker	Yes	Larynx	Larynx	NO	Not Evaluated	Current smoker: Includes daily and non-daily smokers		Alcohol consumption equal to or less than 2 drinks per day for men and 1 drink or less per day for women	Stage III	G2 Moderately differentiated	Squamous cell carcinoma, conventional	Immune	Mesenchymal					8745.826501	8445.538834	1	1
