# Klinghammer K et al. Oncotarget 2020;11:3688-3697 (PMC7566806), Table 1, cetuximab-alone column.
# Retrieved 24 Sep 2026 from the Europe PMC full-text XML; RTV = relative tumour volume (treatment end / start);
# the paper's categories: CR < 0.1, PR 0.1-0.6, SD 0.7-1.2, PD > 1.2. 'a' footnote markers removed from IDs.
model	cetuximab_RTV	cetuximab_category
11437	0.1	PR
11218	0.3	PR
15239	0.3	PR
15095	0.3	PR
10980	0.5	PR
10110	0.5	PR
14827	0.5	PR
11452	0.6	PR
13869	0.6	PR
14976	0.7	SD
10960	0.7	SD
15336	0.8	SD
14876	0.8	SD
11482	0.8	SD
14968	1.0	SD
15046	1.0	SD
14879	1.2	SD
10847	1.3	PD
14965	1.4	PD
15399	1.4	PD
10621	1.6	PD
11841	1.6	PD
11097	1.8	PD
15348	1.8	PD
11303	2.1	PD
15692	2.5	PD
11364	2.7	PD
10309	2.8	PD
10924	3.0	PD
9897	3.8	PD
11527	3.8	PD
11857	3.9	PD
10632	3.9	PD
