"Fibroblast","Senescence","Macrophage","T_cell","Skeletal_Muscle","B_cell","LowQ","Endothelial","Cell_Cycle","Complement","Epithelial","Hypoxia","pEMT","TNF_Signaling","Secretory_Malig","Secretory_Norm"
"COL3A1","SPRR1B","LYZ","LTB","CRYAB","DERL3","MALAT1","VWF","CCNB1","C3","MIR205HG","NDRG1","LAMC2","CXCL3","CEACAM6","AGR2"
"COL1A1","S100A7","TYROBP","CCL19","DES","PIM2","AL627171.2","ENG","RRM2","PTGDS","KRT14","SLC6A8","LAMA3","CXCL8","CXCL17","AQP5"
"COL1A2","CNFN","C1QB","CD52","CKM","XBP1","ATRX","PLVAP","BIRC5","CCDC80","KRT8","ADM","LAMB3","CCL3","IDO1","AZGP1"
"COL6A3","SBSN","ITGB2","CORO1A","FLNC","HERPUD1","MT-ND5","SPARCL1","CDC20","CLU","LY6D","HK2","PTHLH","IER3","KRT7","BPIFB1"
"POSTN","SPRR2D","APOE","TRBC1","MYBPH","TENT5C","MT-ATP8","PECAM1","CDK1","IGFBP4","KRT15","NDUFA4L2","COL17A1","IL1B","MUC4","BPIFB2"
"COL5A2","PI3","APOC1","TRBC2","TNNI2","MZB1","SYNE2","AQP1","TPX2","RNASE1","FXYD3","SLC2A1","INHBA","ANGPTL4","WFDC2","CFB"
"SPARC","SPRR2A","FCER1G","ARHGAP45","ACTA1","CD79A","ANKRD12","CD93","UBE2C","SELENOP","KRT5","VEGFA","ITGA6","CCL20","AQP3","CLU"
"COL6A2","SPRR3","HLA-DQA1","PTGDS","CSRP3","FKBP11","GOLGA4","ESAM","ANLN","COL14A1","COL17A1","ENO2","MMP1","CXCL2","CLCA4","CP"
"COL6A1","SPRR2E","CTSS","CXCR4","SLN","JCHAIN","MT-ND4L","GNG11","CENPW","CXCL12","GPX2","MKNK2","SERPINE1","CXCL5","KRT19","CXCL17"
"FN1","S100A8","CXCL9","LIMD2","TCAP","SSR4","MT-ND2","EGFL7","CKS2","FBLN1","LAMC2","BNIP3","SERPINE2","G0S2","MUC20","DMBT1"
"COL5A1","RHCG","LAPTM5","CD37","TNNC1","TXNDC5","PRRC2C","MCAM","PCNA","PLTP","DSC3","EGLN3","MMP10","IL1RN","PIGR","FAM3D"
"MMP11","IL1RN","C1QC","CD48","TNNT1","BTG2","EIF5B","A2M","TOP2A","TNXB","FABP5","ERO1A","CAV1","ICAM1","S100P","FCGBP"
"MMP2","KRT13","HLA-DPB1","MS4A1","TNNT3","IGHGP","AKAP9","ADGRL4","MCM2","COMP","FGFBP1","ERRFI1","FST","TNFAIP3","TSPAN1","KRT19"
"AEBP1","LCN2","IFI30","TRAC","TTN","POU2AF1","KTN1","COL4A2","PLK1","DCN","KRT17","PGF","IGFBP3","CXCL1","AGR2","KRT7"
"LUM","S100A9","C1QA","ARHGDIB","ACTC1","PTP4A3","BPTF","CDH5","TYMS","MGP","S100A2","EDN2","MMP3","SLC2A3","CEACAM5","LCN2"
"COL12A1","KRTDAP","CD68","CCR7","ACTN2","ST6GAL1","MT-ND3","RAMP2","CKS1B","PLA2G2A","KRT16","PFKFB3","ODC1","CCL4","CFB","LRRC26"
"FSTL1","SLPI","HLA-DRB1","RAC2","MB","TP53INP1","DST","CD34","CCNA2","APOD","LAMB3","ID1","TNC","CSF3","CLDN4","LTF"
"SFRP2","KRT6B","CCL18","SELL","MYL1","CD27","MT-ATP6","COL4A1","CCNB2","AQP1","FGFR3","FAM162A","ITGB4","DUSP1","CP","LYZ"
"THBS2","KRT4","HLA-DQB1","TBC1D10C","MYL2","SEL1L3","MT-CYB","ACTA2","FGFBP1","C1R","PKP1","GPI","S100A2","DUSP5","DUOX2","MSMB"
"CTSK","CSTA","FCGR3A","CLU","NEB","TXNDC11","MT-ND1","MGP","HMGB2","CFD","TP63","KDM3A","AREG","IL1A","FAM3D","MUC5B"
"ISLR","IVL","HLA-DPA1","IL7R","TNNI1","SEC11C","NEAT1","COL15A1","KPNA2","EFEMP1","AKR1B10","BMP2","FERMT1","MMP9","GABRP","PIGR"
"DCN","SPINK5","SRGN","CD2","MYH1","SLAMF7","LRRFIP1","PODXL","MCM3","MFAP4","ALDH3A1","BNIP3L","ITGA3","NFKBIA","KRT23","PROM1"
"ASPN","CSTB","LIPA","CD3D","TNNC2","PECAM1","MT-ND4","CLEC14A","MKI67","SOD3","ATP1B3","LDHA","NT5E","SOCS3","LCN2","PRR4"
"THY1","KRT6C","MS4A6A","CXCL13","COX6A2","SEL1L","SCAF11","ECSCR","PCLAF","THBS1","CALML3","MT1X","P3H2","NAMPT","LYPD2","SCGB3A1"
"CTHRC1","S100P","ACP5","GZMK","FHL1","FCRL5","TTC3","NPDC1","RANBP1","ADIRF","MT1X","P4HA1","PLAU","OSM","MDK","SLPI"
"IGFBP7","AQP3","AIF1","IL16","MYBPC1","IGHA2","CCNI","RAMP3","STMN1","CCL14","NQO1","CA9","PRNP","SRGN","MUC1","TCN1"
"BGN","TGM1","CD14","CD6","MYLPF","ITM2C","PPIG","RGS5","TK1","CXCL14","SFN","ANKRD37","RHOB","TREM1","MUC16","TFF3"
"MMP1","ANXA1","LILRB4","CD79B","BIN1","JSRP1","DEK","SOX18","AURKB","GPX3","AKR1C2","DDIT4","TGFBI","ZFP36","NDRG2","WFDC2"
"VIM","HOPX","MMP12","PTPRC","KLHL41","FAM30A","MT-CO3","EPAS1","CDCA5","PI16","AKR1C3","HAS3","ATP1B3","BCL2A1","PSCA","ZG16B"
"ADAMTS2","KRT16","MMP9","TRAF3IP3","RRAD","SYVN1","MT-CO1","HYAL2","CENPN","PRELP","CXCL14","HBEGF","COL7A1","C11orf96","SLC6A14","DEFB1"
"COL11A1","MAL","CD52","AKNA","TRDN","TSC22D3","DDX21","CALCRL","FOXM1","RARRES2","ITGB6","PFKP","F3","FCGR3B",,"FOLR1"
"COL4A1","CD24","CXCL10","C3","ENO3","ADA2","MACF1","CLDN5","MCM7","SERPING1","NTS","PGK1","FGFBP1","IL24",,"KIAA1324"
"FBN1","CLDN4","FGL2","CCL18","MYH2","DNAJB9","DSP","FLT1","MTHFD1","SFRP2","CD9","EGLN1","KRT8","IL6",,"KRT18"
"SULF1","CRNN","HLA-DMB","FCMR","PDLIM3","IRF4","KIF5B","APOLD1","MYBL2","VWF","CLCA2","HILPDA","MFAP5","ITGA5",,"MIA"
"TAGLN","LYPD3","CD74","JAK3","HSPB7","ATP2A3","PRPF40A","COL18A1","PKMYT1","ACKR1","DAPL1","NINJ1","MMP12","PPP1R15A",,"MUC1"
"VCAN","TGM3","LCP1","LCK","MYBPC2","C3","SEC62","CRIP2","SMC4","AEBP1","DSG3","NUPR1","PLEC","PTGS2",,"NDRG2"
"PCOLCE","CRCT1","APOC2","SPOCK2","COX7A1","CPNE5","DSG3","HSPG2","UBE2S","C1QB","DSP","PDK1","SERPINA1","SOD2",,"RARRES1"
"TIMP2","KLK7","CD53","BIRC3","SYNPO2","ELL2","LPP","IFITM2","UBE2T","CCL21","LGALS7B","BHLHE40","SLC3A2","SPP1",,"SAA1"
"MXRA5","KRT6A","HLA-DRA","CD3E","CHGB","ISG20","MTRNR2L12","IGFBP7","CENPF","CHI3L1","TACSTD2","DDIT3","TIMP3","TNFAIP6",,"SAA2"
"PDGFRB","NCCRP1","SERPINA1","PLA2G2D","MEF2C","CYBA","NSA2","LAMA4","ECT2","DPT","ALDH1A1","ENO1","CAV2","BIRC3",,"SLC34A2"
"HTRA1","A2ML1","SPP1","RASAL3","NRAP","IGHD","PHIP","MMRN2","FST","GREM1","ITGB4","ETS2","COL12A1","C15orf48",,"SMIM22"
"MXRA8","KLK10","TMEM176B","RASGRP2","PPP1R27","PDK1","ROCK1","SLCO2A1","MAD2L1","JCHAIN","KRT19","GDF15","FLRT2","CCL4L2",,
"SPON2","SLURP2","TRBC2","SEPTIN1","TPM2","PRDX4","YBX1","ACKR1","MCM6","NNMT","KRT6B","H19","HEPHL1","CSF3R",,
"GREM1","DMKN","FCGR2A","TMC8","H19","PTGDS","JCHAIN","INSR","PSAT1","NR4A1","SERPINB5",,"HSPH1","FOSB",,
"COL4A2","LY6D","LGMN","CCL21","MYH7","SPAG4","FYB1","TM4SF1","PTTG1","SFRP4","SLC2A1",,"IGFBP6","FOSL1",,
"CCN2","GJB2","SLCO2B1","AC004687.1","F13A1","TNFRSF17","SLC40A1","VWA1","MELK","STAB1","TRIM29",,"ITGA2",,,
"COL18A1","KLK13","RNASE1","BLK","SMPX","CXCL12","SAMD9","ADAMTS1","MCM5","IGF1","PERP",,"KRT17",,,
"MYL9","PPL","CTSL","TCF7","MYH3","CD38","ENAH","ADGRF5","FEN1","CCL19","IMPA2",,,,,
"ACTA2","CALML5","CTSB","CD79A","XIRP2","PLPP5","BIRC3","ITGA1","H2AFX","CFB","CBR1",,,,,
"FBLN2",,"CYBB","ZAP70",,"SLC17A9","NUCKS1","PLXND1","UCHL1","F13A1","CXCL10",,,,,
