sampleID	Subtype_mRNA	Subtype_DNAmeth	Subtype_protein	Subtype_miRNA	Subtype_CNA	Subtype_Integrative	Subtype_other	Subtype_Selected
TCGA-BA-4074-01	Mesenchymal	hypo-methylated	1	4	1	NA	Paradigma.4	HNSC.Mesenchymal
TCGA-BA-4076-01	Basal	normal-like	NA	2	2	NA	Paradigma.4	HNSC.Basal
TCGA-BA-4077-01	Atypical	normal-like	NA	4	1	NA	Paradigma.1	HNSC.Atypical
TCGA-BA-4078-01	Classical	normal-like	3	1	1	NA	Paradigma.5	HNSC.Classical
TCGA-BA-5149-01	Basal	hyper-methylated	1	2	1	NA	Paradigma.4	HNSC.Basal
TCGA-BA-5151-01	Basal	CpG island hyper-methylated	1	2	3	NA	Paradigma.4	HNSC.Basal
TCGA-BA-5152-01	Atypical	hyper-methylated	3	1	1	NA	Paradigma.4	HNSC.Atypical
TCGA-BA-5153-01	Atypical	hyper-methylated	3	3	3	NA	Paradigma.5	HNSC.Atypical
TCGA-BA-5555-01	Atypical	hypo-methylated	3	1	2	NA	Paradigma.5	HNSC.Atypical
TCGA-BA-5556-01	Basal	hyper-methylated	1	2	3	NA	Paradigma.4	HNSC.Basal
TCGA-BA-5557-01	Basal	hyper-methylated	1	2	3	NA	Paradigma.1	HNSC.Basal
TCGA-BA-5558-01	Basal	CpG island hyper-methylated	NA	2	1	NA	Paradigma.4	HNSC.Basal
TCGA-BA-5559-01	Atypical	hyper-methylated	3	1	3	NA	Paradigma.5	HNSC.Atypical
TCGA-BA-6868-01	Classical	normal-like	NA	4	2	NA	Paradigma.2	HNSC.Classical
TCGA-BA-6869-01	Atypical	hypo-methylated	2	1	1	NA	Paradigma.4	HNSC.Atypical
TCGA-BA-6870-01	Basal	normal-like	1	3	2	NA	Paradigma.2	HNSC.Basal
TCGA-BA-6871-01	Mesenchymal	normal-like	3	1	2	NA	Paradigma.5	HNSC.Mesenchymal
TCGA-BA-6872-01	Basal	CpG island hyper-methylated	2	4	2	NA	Paradigma.4	HNSC.Basal
TCGA-BA-6873-01	Basal	hyper-methylated	2	4	1	NA	Paradigma.4	HNSC.Basal
TCGA-BA-7269-01	Classical	normal-like	NA	5	2	NA	Paradigma.4	HNSC.Classical
TCGA-BB-4217-01	Atypical	hyper-methylated	3	3	1	NA	Paradigma.4	HNSC.Atypical
TCGA-BB-4223-01	Atypical	CpG island hyper-methylated	NA	3	3	NA	Paradigma.5	HNSC.Atypical
TCGA-BB-4224-01	Basal	hyper-methylated	NA	2	2	NA	Paradigma.2	HNSC.Basal
TCGA-BB-4225-01	Atypical	CpG island hyper-methylated	NA	3	3	NA	Paradigma.5	HNSC.Atypical
TCGA-BB-4228-01	Atypical	CpG island hyper-methylated	NA	3	3	NA	Paradigma.5	HNSC.Atypical
TCGA-CN-4723-01	Classical	normal-like	1	3	1	NA	Paradigma.4	HNSC.Classical
TCGA-CN-4725-01	Basal	hyper-methylated	4	2	2	NA	Paradigma.2	HNSC.Basal
TCGA-CN-4726-01	Basal	CpG island hyper-methylated	4	2	1	NA	Paradigma.2	HNSC.Basal
TCGA-CN-4727-01	Classical	hypo-methylated	1	1	1	NA	Paradigma.4	HNSC.Classical
TCGA-CN-4728-01	Mesenchymal	normal-like	4	4	2	NA	Paradigma.1	HNSC.Mesenchymal
TCGA-CN-4729-01	Basal	hyper-methylated	1	3	2	NA	Paradigma.4	HNSC.Basal
TCGA-CN-4730-01	Basal	hypo-methylated	3	2	2	NA	Paradigma.4	HNSC.Basal
TCGA-CN-4731-01	Classical	hypo-methylated	4	4	1	NA	Paradigma.2	HNSC.Classical
TCGA-CN-4733-01	Mesenchymal	hyper-methylated	1	4	3	NA	Paradigma.1	HNSC.Mesenchymal
TCGA-CN-4735-01	Mesenchymal	normal-like	1	3	1	NA	Paradigma.5	HNSC.Mesenchymal
TCGA-CN-4736-01	Mesenchymal	hyper-methylated	4	4	1	NA	Paradigma.1	HNSC.Mesenchymal
TCGA-CN-4737-01	Mesenchymal	hypo-methylated	4	2	2	NA	Paradigma.2	HNSC.Mesenchymal
TCGA-CN-4738-01	Atypical	normal-like	2	3	1	NA	Paradigma.1	HNSC.Atypical
TCGA-CN-4739-01	Atypical	hypo-methylated	1	3	2	NA	Paradigma.5	HNSC.Atypical
TCGA-CN-4740-01	Mesenchymal	hypo-methylated	4	4	1	NA	Paradigma.1	HNSC.Mesenchymal
TCGA-CN-4741-01	Atypical	CpG island hyper-methylated	3	2	3	NA	Paradigma.5	HNSC.Atypical
TCGA-CN-4742-01	Basal	hyper-methylated	4	2	2	NA	Paradigma.2	HNSC.Basal
TCGA-CN-5355-01	Basal	hyper-methylated	3	2	1	NA	Paradigma.4	HNSC.Basal
TCGA-CN-5356-01	Mesenchymal	hypo-methylated	2	2	1	NA	Paradigma.2	HNSC.Mesenchymal
TCGA-CN-5358-01	Mesenchymal	normal-like	4	3	3	NA	Paradigma.1	HNSC.Mesenchymal
TCGA-CN-5359-01	Mesenchymal	normal-like	1	4	2	NA	Paradigma.1	HNSC.Mesenchymal
TCGA-CN-5360-01	Atypical	normal-like	4	3	1	NA	Paradigma.1	HNSC.Atypical
TCGA-CN-5363-01	Mesenchymal	hyper-methylated	1	3	2	NA	Paradigma.4	HNSC.Mesenchymal
TCGA-CN-5364-01	Atypical	hyper-methylated	4	4	1	NA	Paradigma.4	HNSC.Atypical
TCGA-CN-5365-01	Basal	hyper-methylated	2	2	1	NA	Paradigma.4	HNSC.Basal
TCGA-CN-5366-01	Basal	hyper-methylated	1	2	1	NA	Paradigma.4	HNSC.Basal
TCGA-CN-5367-01	Basal	hyper-methylated	4	4	1	NA	Paradigma.4	HNSC.Basal
TCGA-CN-5369-01	Basal	hyper-methylated	1	3	3	NA	Paradigma.4	HNSC.Basal
TCGA-CN-5370-01	Mesenchymal	hyper-methylated	4	4	1	NA	Paradigma.1	HNSC.Mesenchymal
TCGA-CN-5373-01	Basal	hyper-methylated	2	2	3	NA	Paradigma.1	HNSC.Basal
TCGA-CN-5374-01	Atypical	normal-like	3	3	1	NA	Paradigma.5	HNSC.Atypical
TCGA-CN-6010-01	Classical	normal-like	3	3	2	NA	Paradigma.5	HNSC.Classical
TCGA-CN-6011-01	Basal	CpG island hyper-methylated	2	4	2	NA	Paradigma.2	HNSC.Basal
TCGA-CN-6012-01	Atypical	normal-like	4	1	2	NA	Paradigma.5	HNSC.Atypical
TCGA-CN-6013-01	Atypical	hyper-methylated	3	4	1	NA	Paradigma.1	HNSC.Atypical
TCGA-CN-6016-01	Mesenchymal	hyper-methylated	3	4	3	NA	Paradigma.1	HNSC.Mesenchymal
TCGA-CN-6017-01	Mesenchymal	hyper-methylated	4	4	3	NA	Paradigma.1	HNSC.Mesenchymal
TCGA-CN-6018-01	Mesenchymal	hyper-methylated	1	4	2	NA	Paradigma.1	HNSC.Mesenchymal
TCGA-CN-6019-01	Mesenchymal	normal-like	4	5	1	NA	Paradigma.1	HNSC.Mesenchymal
TCGA-CN-6020-01	Basal	hyper-methylated	1	4	2	NA	Paradigma.2	HNSC.Basal
TCGA-CN-6021-01	Atypical	normal-like	3	2	1	NA	Paradigma.5	HNSC.Atypical
TCGA-CN-6022-01	Mesenchymal	normal-like	4	4	1	NA	Paradigma.1	HNSC.Mesenchymal
TCGA-CN-6023-01	Classical	normal-like	3	1	1	NA	Paradigma.5	HNSC.Classical
TCGA-CN-6024-01	Classical	normal-like	3	4	2	NA	Paradigma.2	HNSC.Classical
TCGA-CN-6988-01	Atypical	hypo-methylated	3	2	2	NA	Paradigma.2	HNSC.Atypical
TCGA-CN-6989-01	Mesenchymal	normal-like	3	5	2	NA	Paradigma.1	HNSC.Mesenchymal
TCGA-CN-6992-01	Classical	normal-like	3	1	2	NA	Paradigma.5	HNSC.Classical
TCGA-CN-6994-01	Classical	hyper-methylated	2	4	2	NA	Paradigma.2	HNSC.Classical
TCGA-CN-6995-01	Basal	hyper-methylated	3	4	2	NA	Paradigma.4	HNSC.Basal
TCGA-CN-6997-01	Classical	hypo-methylated	3	4	2	NA	Paradigma.2	HNSC.Classical
TCGA-CN-6998-01	Basal	hyper-methylated	2	2	1	NA	Paradigma.4	HNSC.Basal
TCGA-CQ-5323-01	Atypical	normal-like	2	4	1	NA	Paradigma.5	HNSC.Atypical
TCGA-CQ-5324-01	Classical	CpG island hyper-methylated	3	2	3	NA	Paradigma.2	HNSC.Classical
TCGA-CQ-5325-01	Mesenchymal	hyper-methylated	4	4	3	NA	Paradigma.1	HNSC.Mesenchymal
TCGA-CQ-5326-01	Basal	normal-like	1	2	1	NA	Paradigma.4	HNSC.Basal
TCGA-CQ-5329-01	Mesenchymal	hyper-methylated	1	4	1	NA	Paradigma.4	HNSC.Mesenchymal
TCGA-CQ-5330-01	Mesenchymal	CpG island hyper-methylated	4	4	1	NA	Paradigma.1	HNSC.Mesenchymal
TCGA-CQ-5331-01	Basal	hyper-methylated	2	2	3	NA	Paradigma.4	HNSC.Basal
TCGA-CQ-5332-01	Classical	normal-like	3	1	2	NA	Paradigma.2	HNSC.Classical
TCGA-CQ-5334-01	Mesenchymal	CpG island hyper-methylated	4	2	3	NA	Paradigma.4	HNSC.Mesenchymal
TCGA-CQ-6218-01	Basal	hyper-methylated	2	2	3	NA	Paradigma.4	HNSC.Basal
TCGA-CQ-6220-01	Basal	hyper-methylated	2	4	1	NA	Paradigma.4	HNSC.Basal
TCGA-CQ-6221-01	Mesenchymal	normal-like	4	4	1	NA	Paradigma.1	HNSC.Mesenchymal
TCGA-CQ-6223-01	Basal	hyper-methylated	NA	2	1	NA	Paradigma.4	HNSC.Basal
TCGA-CQ-6224-01	Mesenchymal	hyper-methylated	4	4	1	NA	Paradigma.2	HNSC.Mesenchymal
TCGA-CQ-6225-01	Atypical	hypo-methylated	4	1	2	NA	Paradigma.2	HNSC.Atypical
TCGA-CQ-6227-01	Mesenchymal	hyper-methylated	4	5	1	NA	Paradigma.2	HNSC.Mesenchymal
TCGA-CQ-6228-01	Classical	hypo-methylated	3	1	2	NA	Paradigma.2	HNSC.Classical
TCGA-CQ-6229-01	Basal	hyper-methylated	2	4	1	NA	Paradigma.2	HNSC.Basal
TCGA-CQ-7065-01	Basal	hyper-methylated	2	2	1	NA	Paradigma.2	HNSC.Basal
TCGA-CQ-7068-01	Basal	CpG island hyper-methylated	2	4	3	NA	Paradigma.4	HNSC.Basal
TCGA-CR-5243-01	Atypical	normal-like	NA	1	1	NA	Paradigma.5	HNSC.Atypical
TCGA-CR-5247-01	Classical	hypo-methylated	NA	4	2	NA	Paradigma.2	HNSC.Classical
TCGA-CR-5248-01	Atypical	hyper-methylated	NA	3	1	NA	Paradigma.5	HNSC.Atypical
TCGA-CR-5249-01	Atypical	hyper-methylated	NA	1	3	NA	Paradigma.5	HNSC.Atypical
TCGA-CR-5250-01	Atypical	hyper-methylated	NA	1	3	NA	Paradigma.5	HNSC.Atypical
TCGA-CR-6467-01	Atypical	CpG island hyper-methylated	NA	4	3	NA	Paradigma.5	HNSC.Atypical
TCGA-CR-6470-01	Atypical	normal-like	NA	3	3	NA	Paradigma.5	HNSC.Atypical
TCGA-CR-6471-01	Basal	hyper-methylated	NA	2	3	NA	Paradigma.NA	HNSC.Basal
TCGA-CR-6472-01	Atypical	hypo-methylated	NA	4	1	NA	Paradigma.NA	HNSC.Atypical
TCGA-CR-6473-01	Atypical	CpG island hyper-methylated	NA	4	3	NA	Paradigma.4	HNSC.Atypical
TCGA-CR-6474-01	Mesenchymal	normal-like	NA	4	2	NA	Paradigma.1	HNSC.Mesenchymal
TCGA-CR-6477-01	Mesenchymal	normal-like	NA	1	2	NA	Paradigma.2	HNSC.Mesenchymal
TCGA-CR-6478-01	Mesenchymal	hyper-methylated	NA	3	2	NA	Paradigma.4	HNSC.Mesenchymal
TCGA-CR-6481-01	Atypical	hyper-methylated	NA	4	3	NA	Paradigma.5	HNSC.Atypical
TCGA-CR-6482-01	Atypical	hyper-methylated	NA	5	3	NA	Paradigma.5	HNSC.Atypical
TCGA-CR-6484-01	Mesenchymal	hyper-methylated	NA	4	1	NA	Paradigma.1	HNSC.Mesenchymal
TCGA-CR-6487-01	Atypical	hyper-methylated	NA	4	1	NA	Paradigma.5	HNSC.Atypical
TCGA-CR-6488-01	Mesenchymal	hyper-methylated	NA	4	2	NA	Paradigma.1	HNSC.Mesenchymal
TCGA-CR-6491-01	Basal	CpG island hyper-methylated	NA	2	1	NA	Paradigma.4	HNSC.Basal
TCGA-CR-6492-01	Atypical	hyper-methylated	NA	4	3	NA	Paradigma.4	HNSC.Atypical
TCGA-CR-6493-01	Basal	CpG island hyper-methylated	NA	1	1	NA	Paradigma.4	HNSC.Basal
TCGA-CR-7364-01	Atypical	hypo-methylated	NA	1	2	NA	Paradigma.2	HNSC.Atypical
TCGA-CR-7365-01	Basal	CpG island hyper-methylated	NA	4	2	NA	Paradigma.2	HNSC.Basal
TCGA-CR-7367-01	Mesenchymal	CpG island hyper-methylated	NA	4	1	NA	Paradigma.1	HNSC.Mesenchymal
TCGA-CR-7368-01	Atypical	hyper-methylated	NA	5	1	NA	Paradigma.5	HNSC.Atypical
TCGA-CR-7369-01	Atypical	hyper-methylated	NA	2	1	NA	Paradigma.2	HNSC.Atypical
TCGA-CR-7370-01	Classical	normal-like	NA	5	2	NA	Paradigma.5	HNSC.Classical
TCGA-CR-7371-01	Atypical	normal-like	NA	1	1	NA	Paradigma.5	HNSC.Atypical
TCGA-CR-7372-01	Basal	hyper-methylated	NA	2	2	NA	Paradigma.2	HNSC.Basal
TCGA-CR-7373-01	Basal	CpG island hyper-methylated	NA	4	1	NA	Paradigma.4	HNSC.Basal
TCGA-CR-7374-01	Atypical	normal-like	NA	1	2	NA	Paradigma.5	HNSC.Atypical
TCGA-CR-7376-01	Mesenchymal	hyper-methylated	NA	5	3	NA	Paradigma.1	HNSC.Mesenchymal
TCGA-CR-7377-01	Mesenchymal	hyper-methylated	NA	4	1	NA	Paradigma.1	HNSC.Mesenchymal
TCGA-CR-7379-01	Basal	normal-like	NA	2	2	NA	Paradigma.4	HNSC.Basal
TCGA-CR-7380-01	Basal	CpG island hyper-methylated	NA	2	2	NA	Paradigma.2	HNSC.Basal
TCGA-CR-7382-01	Mesenchymal	hyper-methylated	NA	5	3	NA	Paradigma.1	HNSC.Mesenchymal
TCGA-CR-7383-01	Mesenchymal	hyper-methylated	NA	5	2	NA	Paradigma.1	HNSC.Mesenchymal
TCGA-CR-7385-01	Atypical	hyper-methylated	NA	1	3	NA	Paradigma.5	HNSC.Atypical
TCGA-CR-7386-01	Mesenchymal	hyper-methylated	NA	4	3	NA	Paradigma.1	HNSC.Mesenchymal
TCGA-CR-7388-01	Atypical	normal-like	NA	1	1	NA	Paradigma.1	HNSC.Atypical
TCGA-CR-7389-01	Atypical	normal-like	NA	1	1	NA	Paradigma.2	HNSC.Atypical
TCGA-CR-7390-01	Classical	normal-like	NA	2	2	NA	Paradigma.2	HNSC.Classical
TCGA-CR-7391-01	Atypical	normal-like	NA	2	3	NA	Paradigma.1	HNSC.Atypical
TCGA-CR-7392-01	Mesenchymal	hyper-methylated	NA	5	3	NA	Paradigma.1	HNSC.Mesenchymal
TCGA-CR-7393-01	Atypical	normal-like	NA	2	3	NA	Paradigma.1	HNSC.Atypical
TCGA-CR-7394-01	Basal	hyper-methylated	NA	2	3	NA	Paradigma.1	HNSC.Basal
TCGA-CR-7395-01	Basal	hyper-methylated	NA	2	3	NA	Paradigma.4	HNSC.Basal
TCGA-CR-7397-01	Mesenchymal	normal-like	NA	4	2	NA	Paradigma.1	HNSC.Mesenchymal
TCGA-CR-7398-01	Classical	hypo-methylated	NA	1	1	NA	Paradigma.5	HNSC.Classical
TCGA-CR-7399-01	Atypical	normal-like	NA	1	2	NA	Paradigma.5	HNSC.Atypical
TCGA-CR-7401-01	Basal	hyper-methylated	NA	5	1	NA	Paradigma.2	HNSC.Basal
TCGA-CR-7402-01	Atypical	hypo-methylated	NA	3	1	NA	Paradigma.5	HNSC.Atypical
TCGA-CR-7404-01	Atypical	hyper-methylated	NA	5	3	NA	Paradigma.5	HNSC.Atypical
TCGA-CV-5430-01	Atypical	normal-like	3	4	2	NA	Paradigma.5	HNSC.Atypical
TCGA-CV-5431-01	Mesenchymal	normal-like	1	3	2	NA	Paradigma.5	HNSC.Mesenchymal
TCGA-CV-5432-01	Classical	normal-like	3	1	2	NA	Paradigma.2	HNSC.Classical
TCGA-CV-5434-01	Mesenchymal	normal-like	3	1	2	NA	Paradigma.1	HNSC.Mesenchymal
TCGA-CV-5435-01	Classical	CpG island hyper-methylated	NA	1	2	NA	Paradigma.2	HNSC.Classical
TCGA-CV-5436-01	Basal	hyper-methylated	3	1	3	NA	Paradigma.4	HNSC.Basal
TCGA-CV-5439-01	Basal	hyper-methylated	1	4	1	NA	Paradigma.4	HNSC.Basal
TCGA-CV-5440-01	Classical	normal-like	3	4	2	NA	Paradigma.2	HNSC.Classical
TCGA-CV-5441-01	Basal	hypo-methylated	3	1	1	NA	Paradigma.2	HNSC.Basal
TCGA-CV-5442-01	Basal	CpG island hyper-methylated	2	1	1	NA	Paradigma.2	HNSC.Basal
TCGA-CV-5443-01	Atypical	hyper-methylated	1	3	3	NA	Paradigma.5	HNSC.Atypical
TCGA-CV-5444-01	Mesenchymal	hyper-methylated	4	4	1	NA	Paradigma.1	HNSC.Mesenchymal
TCGA-CV-5966-01	Mesenchymal	hyper-methylated	2	4	1	NA	Paradigma.4	HNSC.Mesenchymal
TCGA-CV-5970-01	Basal	hyper-methylated	4	2	1	NA	Paradigma.2	HNSC.Basal
TCGA-CV-5971-01	Mesenchymal	hyper-methylated	1	5	3	NA	Paradigma.1	HNSC.Mesenchymal
TCGA-CV-5973-01	Basal	CpG island hyper-methylated	4	2	2	NA	Paradigma.2	HNSC.Basal
TCGA-CV-5976-01	Basal	CpG island hyper-methylated	4	4	1	NA	Paradigma.4	HNSC.Basal
TCGA-CV-5977-01	Basal	CpG island hyper-methylated	2	4	1	NA	Paradigma.4	HNSC.Basal
TCGA-CV-5978-01	Classical	normal-like	4	4	2	NA	Paradigma.5	HNSC.Classical
TCGA-CV-5979-01	Basal	hyper-methylated	2	4	1	NA	Paradigma.2	HNSC.Basal
TCGA-CV-6003-01	Basal	hyper-methylated	2	4	1	NA	Paradigma.4	HNSC.Basal
TCGA-CV-6433-01	Atypical	hyper-methylated	3	3	3	NA	Paradigma.5	HNSC.Atypical
TCGA-CV-6436-01	Basal	hyper-methylated	1	2	3	NA	Paradigma.4	HNSC.Basal
TCGA-CV-6441-01	Atypical	CpG island hyper-methylated	3	4	2	NA	Paradigma.NA	HNSC.Atypical
TCGA-CV-6933-01	Classical	normal-like	2	5	2	NA	Paradigma.2	HNSC.Classical
TCGA-CV-6934-01	Mesenchymal	hyper-methylated	4	4	3	NA	Paradigma.1	HNSC.Mesenchymal
TCGA-CV-6935-01	Classical	normal-like	3	4	2	NA	Paradigma.2	HNSC.Classical
TCGA-CV-6936-01	Classical	CpG island hyper-methylated	1	4	2	NA	Paradigma.5	HNSC.Classical
TCGA-CV-6937-01	Classical	normal-like	2	1	2	NA	Paradigma.2	HNSC.Classical
TCGA-CV-6938-01	Basal	hyper-methylated	4	4	3	NA	Paradigma.4	HNSC.Basal
TCGA-CV-6939-01	Atypical	normal-like	3	3	3	NA	Paradigma.5	HNSC.Atypical
TCGA-CV-6940-01	Classical	hyper-methylated	2	4	2	NA	Paradigma.2	HNSC.Classical
TCGA-CV-6941-01	Classical	hypo-methylated	2	2	2	NA	Paradigma.5	HNSC.Classical
TCGA-CV-6942-01	Mesenchymal	CpG island hyper-methylated	1	4	1	NA	Paradigma.4	HNSC.Mesenchymal
TCGA-CV-6943-01	Mesenchymal	hyper-methylated	4	4	3	NA	Paradigma.1	HNSC.Mesenchymal
TCGA-CV-6945-01	Basal	normal-like	1	4	2	NA	Paradigma.4	HNSC.Basal
TCGA-CV-6948-01	Atypical	normal-like	3	1	2	NA	Paradigma.NA	HNSC.Atypical
TCGA-CV-6950-01	Mesenchymal	hyper-methylated	1	4	1	NA	Paradigma.4	HNSC.Mesenchymal
TCGA-CV-6951-01	Classical	normal-like	2	4	1	NA	Paradigma.2	HNSC.Classical
TCGA-CV-6952-01	Basal	CpG island hyper-methylated	2	2	3	NA	Paradigma.4	HNSC.Basal
TCGA-CV-6953-01	Basal	CpG island hyper-methylated	2	2	3	NA	Paradigma.4	HNSC.Basal
TCGA-CV-6954-01	Basal	hypo-methylated	3	2	1	NA	Paradigma.2	HNSC.Basal
TCGA-CV-6955-01	Atypical	hyper-methylated	1	2	3	NA	Paradigma.NA	HNSC.Atypical
TCGA-CV-6956-01	Basal	hypo-methylated	4	2	2	NA	Paradigma.2	HNSC.Basal
TCGA-CV-6959-01	Basal	CpG island hyper-methylated	1	4	1	NA	Paradigma.4	HNSC.Basal
TCGA-CV-6960-01	Classical	hypo-methylated	2	1	1	NA	Paradigma.2	HNSC.Classical
TCGA-CV-6961-01	Classical	normal-like	4	4	1	NA	Paradigma.1	HNSC.Classical
TCGA-CV-6962-01	Classical	normal-like	1	1	2	NA	Paradigma.2	HNSC.Classical
TCGA-CV-7089-01	Atypical	hyper-methylated	1	5	3	NA	Paradigma.4	HNSC.Atypical
TCGA-CV-7090-01	Mesenchymal	hyper-methylated	1	4	2	NA	Paradigma.1	HNSC.Mesenchymal
TCGA-CV-7091-01	Basal	hypo-methylated	2	4	2	NA	Paradigma.4	HNSC.Basal
TCGA-CV-7095-01	Basal	CpG island hyper-methylated	4	4	2	NA	Paradigma.4	HNSC.Basal
TCGA-CV-7097-01	Mesenchymal	CpG island hyper-methylated	3	4	2	NA	Paradigma.4	HNSC.Mesenchymal
TCGA-CV-7099-01	Basal	CpG island hyper-methylated	1	4	3	NA	Paradigma.4	HNSC.Basal
TCGA-CV-7100-01	Mesenchymal	normal-like	1	4	3	NA	Paradigma.4	HNSC.Mesenchymal
TCGA-CV-7101-01	Atypical	hyper-methylated	4	1	2	NA	Paradigma.5	HNSC.Atypical
TCGA-CV-7102-01	Mesenchymal	hyper-methylated	4	4	1	NA	Paradigma.4	HNSC.Mesenchymal
TCGA-CV-7103-01	Classical	normal-like	4	5	2	NA	Paradigma.2	HNSC.Classical
TCGA-CV-7104-01	Mesenchymal	hyper-methylated	4	4	1	NA	Paradigma.1	HNSC.Mesenchymal
TCGA-CV-7177-01	Classical	normal-like	2	5	2	NA	Paradigma.2	HNSC.Classical
TCGA-CV-7178-01	Mesenchymal	hyper-methylated	2	4	2	NA	Paradigma.1	HNSC.Mesenchymal
TCGA-CV-7180-01	Basal	hyper-methylated	1	2	2	NA	Paradigma.4	HNSC.Basal
TCGA-CV-7183-01	Basal	CpG island hyper-methylated	2	2	3	NA	Paradigma.2	HNSC.Basal
TCGA-CV-7235-01	Mesenchymal	normal-like	4	4	2	NA	Paradigma.1	HNSC.Mesenchymal
TCGA-CV-7236-01	Mesenchymal	hyper-methylated	4	5	1	NA	Paradigma.2	HNSC.Mesenchymal
TCGA-CV-7238-01	Mesenchymal	hyper-methylated	2	5	3	NA	Paradigma.1	HNSC.Mesenchymal
TCGA-CV-7242-01	Atypical	hypo-methylated	3	3	2	NA	Paradigma.5	HNSC.Atypical
TCGA-CV-7243-01	Basal	CpG island hyper-methylated	4	2	1	NA	Paradigma.2	HNSC.Basal
TCGA-CV-7245-01	Classical	hypo-methylated	2	1	2	NA	Paradigma.4	HNSC.Classical
TCGA-CV-7247-01	Classical	normal-like	1	5	2	NA	Paradigma.4	HNSC.Classical
TCGA-CV-7248-01	Atypical	normal-like	3	5	1	NA	Paradigma.5	HNSC.Atypical
TCGA-CV-7250-01	Atypical	hypo-methylated	2	2	3	NA	Paradigma.2	HNSC.Atypical
TCGA-CV-7252-01	Basal	CpG island hyper-methylated	1	5	3	NA	Paradigma.4	HNSC.Basal
TCGA-CV-7253-01	Classical	hypo-methylated	1	2	1	NA	Paradigma.2	HNSC.Classical
TCGA-CV-7254-01	Mesenchymal	normal-like	1	5	2	NA	Paradigma.1	HNSC.Mesenchymal
TCGA-CV-7255-01	Basal	hyper-methylated	2	1	1	NA	Paradigma.2	HNSC.Basal
TCGA-CV-7261-01	Classical	normal-like	3	1	2	NA	Paradigma.5	HNSC.Classical
TCGA-CV-7263-01	Mesenchymal	CpG island hyper-methylated	4	5	1	NA	Paradigma.5	HNSC.Mesenchymal
TCGA-CV-7406-01	Atypical	normal-like	1	4	3	NA	Paradigma.2	HNSC.Atypical
TCGA-CV-7407-01	Atypical	normal-like	4	4	2	NA	Paradigma.NA	HNSC.Atypical
TCGA-CV-7410-01	Mesenchymal	hyper-methylated	4	4	3	NA	Paradigma.1	HNSC.Mesenchymal
TCGA-CV-7411-01	Basal	hyper-methylated	4	2	3	NA	Paradigma.2	HNSC.Basal
TCGA-CV-7413-01	Mesenchymal	hyper-methylated	2	4	1	NA	Paradigma.2	HNSC.Mesenchymal
TCGA-CV-7414-01	Atypical	hyper-methylated	4	4	1	NA	Paradigma.2	HNSC.Atypical
TCGA-CV-7415-01	Mesenchymal	normal-like	3	4	1	NA	Paradigma.1	HNSC.Mesenchymal
TCGA-CV-7416-01	Mesenchymal	hyper-methylated	2	1	2	NA	Paradigma.2	HNSC.Mesenchymal
TCGA-CV-7418-01	Classical	normal-like	3	1	2	NA	Paradigma.NA	HNSC.Classical
TCGA-CV-7421-01	Classical	normal-like	4	4	2	NA	Paradigma.2	HNSC.Classical
TCGA-CV-7422-01	Classical	normal-like	3	4	2	NA	Paradigma.5	HNSC.Classical
TCGA-CV-7423-01	Basal	hyper-methylated	2	2	2	NA	Paradigma.2	HNSC.Basal
TCGA-CV-7424-01	Classical	normal-like	3	4	2	NA	Paradigma.5	HNSC.Classical
TCGA-CV-7427-01	Basal	CpG island hyper-methylated	2	4	3	NA	Paradigma.4	HNSC.Basal
TCGA-CV-7429-01	Mesenchymal	normal-like	3	5	1	NA	Paradigma.4	HNSC.Mesenchymal
TCGA-CV-7430-01	Classical	normal-like	2	2	2	NA	Paradigma.2	HNSC.Classical
TCGA-CV-7432-01	Basal	CpG island hyper-methylated	1	5	1	NA	Paradigma.4	HNSC.Basal
TCGA-CV-7433-01	Mesenchymal	normal-like	3	5	1	NA	Paradigma.1	HNSC.Mesenchymal
TCGA-CV-7434-01	Basal	CpG island hyper-methylated	2	5	1	NA	Paradigma.4	HNSC.Basal
TCGA-CV-7435-01	Mesenchymal	hypo-methylated	4	5	2	NA	Paradigma.1	HNSC.Mesenchymal
TCGA-CV-7437-01	Classical	normal-like	3	5	2	NA	Paradigma.2	HNSC.Classical
TCGA-CV-7438-01	Mesenchymal	hyper-methylated	4	5	1	NA	Paradigma.1	HNSC.Mesenchymal
TCGA-CV-7440-01	Classical	hypo-methylated	1	5	1	NA	Paradigma.4	HNSC.Classical
TCGA-CX-7082-01	Classical	normal-like	NA	1	1	NA	Paradigma.2	HNSC.Classical
TCGA-CX-7085-01	Mesenchymal	hyper-methylated	2	2	3	NA	Paradigma.1	HNSC.Mesenchymal
TCGA-CX-7086-01	Atypical	hypo-methylated	2	1	2	NA	Paradigma.2	HNSC.Atypical
TCGA-CX-7219-01	Mesenchymal	normal-like	1	2	1	NA	Paradigma.1	HNSC.Mesenchymal
TCGA-D6-6515-01	Mesenchymal	hyper-methylated	1	4	3	NA	Paradigma.1	HNSC.Mesenchymal
TCGA-D6-6516-01	Basal	hyper-methylated	2	4	1	NA	Paradigma.4	HNSC.Basal
TCGA-D6-6517-01	Basal	hyper-methylated	2	4	1	NA	Paradigma.4	HNSC.Basal
TCGA-D6-6823-01	Classical	hypo-methylated	1	1	1	NA	Paradigma.4	HNSC.Classical
TCGA-D6-6824-01	Atypical	normal-like	2	4	3	NA	Paradigma.1	HNSC.Atypical
TCGA-D6-6825-01	Basal	hyper-methylated	2	2	1	NA	Paradigma.1	HNSC.Basal
TCGA-D6-6826-01	Mesenchymal	hyper-methylated	2	5	1	NA	Paradigma.1	HNSC.Mesenchymal
TCGA-DQ-5624-01	Basal	hyper-methylated	NA	4	1	NA	Paradigma.2	HNSC.Basal
TCGA-DQ-5625-01	Basal	hyper-methylated	NA	4	1	NA	Paradigma.1	HNSC.Basal
TCGA-DQ-5629-01	Classical	normal-like	NA	4	2	NA	Paradigma.2	HNSC.Classical
TCGA-DQ-5630-01	Mesenchymal	hyper-methylated	NA	4	3	NA	Paradigma.1	HNSC.Mesenchymal
TCGA-DQ-5631-01	Mesenchymal	CpG island hyper-methylated	NA	1	2	NA	Paradigma.2	HNSC.Mesenchymal
TCGA-DQ-7588-01	Basal	normal-like	NA	4	2	NA	Paradigma.4	HNSC.Basal
TCGA-DQ-7591-01	Atypical	normal-like	3	1	3	NA	Paradigma.5	HNSC.Atypical
TCGA-DQ-7592-01	Basal	hyper-methylated	1	4	2	NA	Paradigma.2	HNSC.Basal
TCGA-F7-7848-01	Atypical	hypo-methylated	NA	5	1	NA	Paradigma.5	HNSC.Atypical
TCGA-H7-7774-01	Atypical	CpG island hyper-methylated	NA	2	3	NA	Paradigma.NA	HNSC.Atypical
TCGA-HD-7229-01	Basal	CpG island hyper-methylated	NA	4	1	NA	Paradigma.4	HNSC.Basal
TCGA-HD-7753-01	Basal	hyper-methylated	NA	4	2	NA	Paradigma.2	HNSC.Basal
TCGA-HD-7754-01	Atypical	hypo-methylated	NA	1	3	NA	Paradigma.5	HNSC.Atypical
TCGA-HD-7831-01	Mesenchymal	normal-like	NA	5	1	NA	Paradigma.1	HNSC.Mesenchymal
TCGA-HD-7832-01	Basal	CpG island hyper-methylated	NA	4	3	NA	Paradigma.4	HNSC.Basal
TCGA-IQ-7630-01	Basal	CpG island hyper-methylated	1	4	1	NA	Paradigma.4	HNSC.Basal
TCGA-IQ-7631-01	Mesenchymal	hypo-methylated	NA	1	3	NA	Paradigma.2	HNSC.Mesenchymal
TCGA-IQ-7632-01	Basal	hyper-methylated	2	2	1	NA	Paradigma.4	HNSC.Basal
